,,,,色情報1,,,色情報2,,,色情報3,,,属性,,,,,,,,,,,,,,,,,,,,,,,,,,,
アイテム,ファイル名,特徴,実装,R,G,B,R,G,B,R,G,B,赤い,青い,黄色い,緑,紫,白い,黒い,明るい,暗い,食べ物,果物,お菓子,おもちゃ,熱い,冷たい,硬い,柔らかい,物好き,派手,地味,丸い,角々,生き物,,,,,ファイル名
リンゴ,apple.png,普通のリンゴ,1,255,0,0,,,,,,,〇,,〇,,,,,〇,,〇,〇,,,,,,,,,,,,,,,,,apple.png
ふうせん,balloon1.png,青,1,0,40,255,,,,,,,,〇,,,,,,,,,,,〇,,,,〇,,,,,,,,,,,balloon1.png
,balloon2.png,緑,0,0,255,0,,,,,,,,,,〇,,,,,,,,,〇,,,,〇,,,,,,,,,,,balloon2.png
,balloon3.png,赤,1,255,0,0,,,,,,,〇,,,,,,,,,,,,〇,,,,〇,,,,,,,,,,,balloon3.png
,balloon4.png,紫,0,128,0,255,,,,,,,,,,,〇,,,,〇,,,,〇,,,,〇,,,,,,,,,,,balloon4.png
,balloon5.png,黄色,1,255,255,0,,,,,,,,,〇,,,,,〇,,,,,〇,,,,〇,,,,,,,,,,,balloon5.png
,balloon6.png,水色,0,0,255,255,,,,,,,,〇,,,,,,〇,,,,,〇,,,,〇,,,,,,,,,,,balloon6.png
,balloon7.png,ピンク,0,255,0,255,,,,,,,,,,,,,,〇,,,,,〇,,,,〇,,,,,,,,,,,balloon7.png
分度器,bundoki.png,ふつー,1,153,219,255,214,250,255,,,,,,,,,〇,,,,,,,,,,,,〇,,〇,,,,,,,,bundoki.png
ろうそく,candle1.png,火無し,1,255,255,255,,,,,,,,,,,,〇,,,,,,,,,,,,,,,,,,,,,,candle1.png
,candle2.png,赤い火,1,255,0,0,255,165,0,,,,〇,,,,,〇,,〇,,,,,,〇,,,,,,,,,,,,,,candle2.png
,candle3.png,青い火,1,0,0,255,0,255,255,,,,,〇,,,,〇,,〇,,,,,,〇,,,,,,,,,,,,,,candle3.png
,candle4.png,緑の火,0,0,255,0,153,255,169,,,,,,,〇,,〇,,〇,,,,,,〇,,,,,,,,,,,,,,candle4.png
,candle5.png,ピンク色の火,0,255,0,255,255,153,237,,,,〇,,,,,〇,,〇,,,,,,〇,,,,,,,,,,,,,,candle5.png
,candle6.png,青紫の火,0,82,0,255,186,153,255,,,,,〇,,,〇,〇,,〇,,,,,,〇,,,,,,,,,,,,,,candle6.png
,candle7.png,紫の火,0,165,0,255,219,153,255,,,,,,,,〇,〇,,〇,,,,,,〇,,,,,,,,,,,,,,candle7.png
,candle8.png,赤紫の火,0,236,0,140,255,153,237,,,,〇,,,,,〇,,〇,,,,,,〇,,,,,,,,,,,,,,candle8.png
,candle9.png,8よりちょい赤い,0,255,0,93,255,153,190,,,,〇,,,,,〇,,〇,,,,,,〇,,,,,,,,,,,,,,candle9.png
,candle10.png,黒い火,0,76,76,76,204,204,204,,,,,,,,,〇,〇,〇,〇,,,,,,,,,,,,,,,,,,,candle10.png
飴玉,candy1.png,ピンクで黄玉,0,255,0,255,255,255,0,,,,〇,,〇,,,,,,,〇,,〇,,,,,,,〇,,〇,,,,,,,candy1.png
,candy2.png,青緑で黄玉,0,0,255,191,,,,,,,,〇,〇,〇,,,,,,〇,,〇,,,,,,,,,〇,,,,,,,candy2.png
,candy3.png,オレンジで黄玉,1,255,102,0,255,255,0,,,,〇,,〇,,,,,,,〇,,〇,,,,,,,,,〇,,,,,,,candy3.png
,candy4.png,紫で黄玉,0,128,0,255,255,255,0,,,,,〇,〇,,〇,,,,,〇,,〇,,,,,,,,,〇,,,,,,,candy4.png
,candy5.png,青で黄玉,0,0,0,255,255,255,0,,,,,〇,〇,,,,,,,〇,,〇,,,,,,,,,〇,,,,,,,candy5.png
,candy6.png,赤で黄玉,0,255,0,0,255,255,0,,,,〇,,〇,,,,,,,〇,,〇,,,,,,,〇,,〇,,,,,,,candy6.png
,candy7.png,緑で黄玉,0,0,255,0,255,255,0,,,,,,〇,〇,,,,,,〇,,〇,,,,,,,〇,,〇,,,,,,,candy7.png
,candy8.png,黒で黄玉,0,76,76,76,255,255,0,,,,,,〇,,,,〇,,,〇,,〇,,,,,,,,,〇,,,,,,,candy8.png
,candy9.png,白で黄玉,0,255,255,255,255,255,0,,,,,,〇,,,〇,,,,〇,,〇,,,,,,,,,〇,,,,,,,candy9.png
,candy10.png,ピンクで水玉,0,255,0,255,0,255,255,,,,〇,〇,,,,,,,,〇,,〇,,,,,,,〇,,〇,,,,,,,candy10.png
,candy11.png,オレンジで水玉,0,255,102,0,0,255,255,,,,〇,〇,,,,,,,,〇,,〇,,,,,,,,,〇,,,,,,,candy11.png
,candy12.png,紫で水玉,1,128,0,255,0,255,255,,,,,〇,,,〇,,,,,〇,,〇,,,,,,,,,〇,,,,,,,candy12.png
,candy13.png,青で水玉,0,0,0,255,0,255,255,,,,,〇,,,,,,,,〇,,〇,,,,,,,,,〇,,,,,,,candy13.png
,candy14.png,赤で水玉,0,255,0,0,0,255,255,,,,〇,〇,,,,,,,,〇,,〇,,,,,,,〇,,〇,,,,,,,candy14.png
,candy15.png,緑で水玉,0,0,255,0,0,255,255,,,,,〇,,〇,,,,,,〇,,〇,,,,,,,,,〇,,,,,,,candy15.png
,candy16.png,黒で水玉,0,76,76,76,0,255,255,,,,,〇,,,,,〇,,,〇,,〇,,,,,,,,,〇,,,,,,,candy16.png
,candy17.png,白で水玉,0,255,255,255,0,255,255,,,,,〇,,,,〇,,,,〇,,〇,,,,,,,,,〇,,,,,,,candy17.png
,candy18.png,白でピンク玉,0,255,255,255,255,0,255,,,,〇,,,,,〇,,,,〇,,〇,,,,,,,,,〇,,,,,,,candy18.png
,candy19.png,黒でピンク玉,0,76,76,76,255,0,255,,,,〇,,,,,,〇,,,〇,,〇,,,,,,,,,〇,,,,,,,candy19.png
,candy20.png,緑でピンク玉,1,0,255,0,255,0,255,,,,〇,,,〇,,,,,,〇,,〇,,,,,,,,,〇,,,,,,,candy20.png
,candy21.png,青でピンク玉,0,0,0,255,255,0,255,,,,〇,〇,,,,,,,,〇,,〇,,,,,,,,,〇,,,,,,,candy21.png
,candy22.png,紫でピンク玉,0,128,0,255,255,0,255,,,,〇,,,,〇,,,,,〇,,〇,,,,,,,,,〇,,,,,,,candy22.png
,candy23.png,青緑でピンク玉,0,0,255,191,255,0,255,,,,〇,〇,,,,,,,,〇,,〇,,,,,,,,,〇,,,,,,,candy23.png
,candy24.png,オレンジでピンク玉,0,255,102,0,255,0,255,,,,〇,,,,,,,,,〇,,〇,,,,,,,,,〇,,,,,,,candy24.png
,candy25.png,白に緑玉,0,255,255,255,0,255,0,,,,,,,〇,,〇,,,,〇,,〇,,,,,,,,,〇,,,,,,,candy25.png
,candy26.png,黒に緑玉,0,76,76,76,0,255,0,,,,,,,〇,,,〇,,,〇,,〇,,,,,,,,,〇,,,,,,,candy26.png
,candy27.png,赤に緑玉,0,255,0,0,0,255,0,,,,〇,,,〇,,,,,,〇,,〇,,,,,,,,,〇,,,,,,,candy27.png
,candy28.png,青に緑玉,0,0,0,255,0,255,0,,,,,〇,,〇,,,,,,〇,,〇,,,,,,,,,〇,,,,,,,candy28.png
,candy29.png,紫に緑玉,0,128,0,255,0,255,0,,,,,,,〇,〇,,,,,〇,,〇,,,,,,,,,〇,,,,,,,candy29.png
,candy30.png,オレンジで緑玉,0,255,102,0,0,255,0,,,,〇,,,〇,,,,,,〇,,〇,,,,,,,,,〇,,,,,,,candy30.png
,candy31.png,ピンク玉で緑玉,0,255,0,255,0,255,0,,,,〇,,,〇,,,,,,〇,,〇,,,,,,,,,〇,,,,,,,candy31.png
,candy32.png,黄色で緑玉,1,255,255,0,0,255,0,,,,,,〇,〇,,,,,,〇,,〇,,,,,,,,,〇,,,,,,,candy32.png
,candy33.png,黄色でピンク玉,0,255,255,0,255,0,255,,,,〇,,〇,,,,,,,〇,,〇,,,,,,,,,〇,,,,,,,candy33.png
,candy34.png,黄色で水玉,0,255,255,0,0,255,255,,,,,〇,〇,,,,,,,〇,,〇,,,,,,,,,〇,,,,,,,candy34.png
チョコレート,chocolate.png,,1,131,79,0,,,,,,,,,,,,,〇,,,〇,,〇,,,〇,,,,,,,〇,,,,,,chocolate.png
電球,denkyu1.png,,1,255,255,153,,,,,,,,,〇,,,,,〇,,,,,,,,,,,〇,,,,,,,,,denkyu1.png
ドーナツ,donut1.png,赤,0,255,0,0,,,,,,,〇,,,,,,,,,〇,,〇,,,,,〇,,,,〇,,,,,,,donut1.png
,donut2.png,黄,0,255,255,0,,,,,,,,,〇,,,,,,,〇,,〇,,,,,〇,,,,〇,,,,,,,donut2.png
,donut3.png,緑,0,0,255,0,,,,,,,,,,〇,,,,,,〇,,〇,,,,,〇,,,,〇,,,,,,,donut3.png
,donut4.png,水色,0,0,255,255,,,,,,,,〇,,,,,,,,〇,,〇,,,,,〇,,,,〇,,,,,,,donut4.png
,donut5.png,青,0,0,0,255,,,,,,,,〇,,,,,,,,〇,,〇,,,,,〇,,,,〇,,,,,,,donut5.png
,donut6.png,ピンク,0,255,0,255,,,,,,,〇,,,,,,,,,〇,,〇,,,,,〇,,,,〇,,,,,,,donut6.png
,donut7.png,橙,0,255,88,0,,,,,,,〇,,,,,,,,,〇,,〇,,,,,〇,,,,〇,,,,,,,donut7.png
,donut8.png,茶色,0,255,165,0,,,,,,,,,,〇,,,,,,〇,,〇,,,,,〇,,,,〇,,,,,,,donut8.png
,donut9.png,うす緑,0,203,255,153,,,,,,,,,,〇,,,,,,〇,,〇,,,,,〇,,,,〇,,,,,,,donut9.png
,donut10.png,青緑,0,153,255,169,,,,,,,,〇,,,,,,,,〇,,〇,,,,,〇,,,,〇,,,,,,,donut10.png
,donut11.png,うすい水色,0,153,255,233,,,,,,,,〇,,,,,,,,〇,,〇,,,,,〇,,,,〇,,,,,,,donut11.png
,donut12.png,薄い青,0,0,165,255,,,,,,,,〇,,,,,,,,〇,,〇,,,,,〇,,,,〇,,,,,,,donut12.png
,donut13.png,紫,0,165,0,255,,,,,,,,,,,〇,,,,,〇,,〇,,,,,〇,,,,〇,,,,,,,donut13.png
,donut14.png,赤紫,1,236,0,140,,,,,,,〇,,,,〇,,,,,〇,,〇,,,,,〇,,,,〇,,,,,,,donut14.png
,donut15.png,うすいピンク,0,255,153,237,,,,,,,〇,,,,,,,,,〇,,〇,,,,,〇,,,,〇,,,,,,,donut15.png
,donut16.png,薄い紫,0,186,153,255,,,,,,,,,,,〇,,,,,〇,,〇,,,,,〇,,,,〇,,,,,,,donut16.png
,donut17.png,白,0,255,255,255,,,,,,,,,,,,〇,,,,〇,,〇,,,,,〇,,,,〇,,,,,,,donut17.png
,donut18.png,黒,0,86,73,61,,,,,,,,,,,,,〇,,,〇,,〇,,,,,〇,,,,〇,,,,,,,donut18.png
,donut19.png,白に茶生地,0,255,255,255,147,98,66,,,,,,,,,〇,〇,,,〇,,〇,,,,,〇,,,,〇,,,,,,,donut19.png
,donut20.png,黄色に茶生地,1,255,255,153,147,98,66,,,,,,〇,,,,〇,,,〇,,〇,,,,,〇,,,,〇,,,,,,,donut20.png
,donut21.png,薄緑に茶生地,0,203,255,153,147,98,66,,,,,,,〇,,,〇,,,〇,,〇,,,,,〇,,,,〇,,,,,,,donut21.png
,donut22.png,水色に茶生地,0,153,255,233,147,98,66,,,,,〇,,,,,〇,,,〇,,〇,,,,,〇,,,,〇,,,,,,,donut22.png
,donut23.png,薄紫に茶生地,0,219,153,255,147,98,66,,,,,,,,,,〇,,,〇,,〇,,,,,〇,,,,〇,,,,,,,donut23.png
,donut24.png,ピンクに茶色生地,0,255,153,237,147,98,66,,,,〇,,,,,,〇,,,〇,,〇,,,,,〇,,,,〇,,,,,,,donut24.png
,donut25.png,薄橙に茶色生地,0,255,219,153,147,98,66,,,,,,,,,,〇,,,〇,,〇,,,,,〇,,,,〇,,,,,,,donut25.png
魚,fish1.png,青魚,1,153,188,255,,,,,,,,〇,,,,,,,,〇,,,,,,,,,,,,,〇,,,,,fish1.png
,fish2.png,ピンク魚,1,255,153,237,,,,,,,〇,,,,,,,,,〇,,,,,,,,,,,,,〇,,,,,fish2.png
,fish3.png,緑魚,0,203,255,153,,,,,,,,,,〇,,,,,,〇,,,,,,,,,,,,,〇,,,,,fish3.png
,fish4.png,黄色魚,0,255,255,153,,,,,,,,,〇,,,,,,,〇,,,,,,,,,,,,,〇,,,,,fish4.png
,fish5.png,薄橙魚,0,255,219,153,,,,,,,〇,,,,,,,,,〇,,,,,,,,,,,,,〇,,,,,fish5.png
,fish6.png,水色さなか,0,153,255,233,,,,,,,,〇,,,,,,,,〇,,,,,,,,,,,,,〇,,,,,fish6.png
,fish7.png,黒魚,1,153,153,153,,,,,,,,,,,,,〇,,,〇,,,,,,,,,,,,,〇,,,,,fish7.png
,fish8.png,白魚,0,255,255,255,,,,,,,,,,,,〇,,,,〇,,,,,,,,,,,,,〇,,,,,fish8.png
,fish9.png,薄紫さかな,0,186,153,255,,,,,,,,〇,,,〇,,,,,〇,,,,,,,,,,,,,〇,,,,,fish9.png
金の延べ棒,gold.png,金塊,1,255,255,0,,,,,,,,,〇,,,,,〇,,,,,,,〇,〇,,,〇,,,〇,,,,,,gold.png
はちみつ,hachimitu.png,,1,254,213,0,,,,,,,,,〇,,,,,,,〇,,,,,,,〇,,,,,,,,,,,hachimitu.png
丸底フラスコ,hurasuko1.png,赤い何か入り,0,255,0,0,,,,,,,〇,,,,,,,,,,,,,,,,,〇,,〇,〇,,,,,,,hurasuko1.png
,hurasuko2.png,青い何か入り,0,0,0,255,,,,,,,,〇,,,,,,,,,,,,,,,,〇,,〇,〇,,,,,,,hurasuko2.png
,hurasuko3.png,緑の何か入り,0,0,255,0,,,,,,,,,,〇,,,,,,,,,,,,,,〇,,〇,〇,,,,,,,hurasuko3.png
,hurasuko4.png,黄色の何か入り,1,255,255,0,,,,,,,,,〇,,,,,,,,,,,,,,,〇,,〇,〇,,,,,,,hurasuko4.png
,hurasuko5.png,水色の何か入り,1,0,255,255,,,,,,,,〇,,,,,,,,,,,,,,,,〇,,〇,〇,,,,,,,hurasuko5.png
,hurasuko6.png,ピンクの何か入り,0,255,0,255,,,,,,,〇,,,,,,,,,,,,,,,,,〇,,〇,〇,,,,,,,hurasuko6.png
,hurasuko7.png,橙の何か入り,0,255,88,0,,,,,,,〇,,,,,,,,,,,,,,,,,〇,,〇,〇,,,,,,,hurasuko7.png
,hurasuko8.png,紫の何か入り,1,165,0,255,,,,,,,,〇,,,〇,,,,,,,,,,,,,〇,,〇,〇,,,,,,,hurasuko8.png
,hurasuko9.png,薄ピンクの何か,0,255,153,237,,,,,,,〇,,,,,,,,,,,,,,,,,〇,,〇,〇,,,,,,,hurasuko9.png
,hurasuko10.png,金色の何か入り,0,191,255,0,,,,,,,,,〇,,,,,,,,,,,,,,,〇,,〇,〇,,,,,,,hurasuko10.png
氷（溶けかけ）,ice.png,,1,153,219,255,,,,,,,,〇,,,,,,,,,,,,,〇,〇,,,,,,〇,,,,,,ice.png
アイスクリーム,icecream1.png,薄茶色,1,255,219,153,,,,,,,〇,,,,,,,,,〇,,〇,,,〇,,〇,,,,〇,,,,,,,icecream1.png
,icecream2.png,黄色,0,255,255,153,,,,,,,,,〇,,,,,,,〇,,〇,,,〇,,〇,,,,〇,,,,,,,icecream2.png
,icecream3.png,薄緑,0,203,255,153,,,,,,,,,,〇,,,,,,〇,,〇,,,〇,,〇,,,,〇,,,,,,,icecream3.png
,icecream4.png,水色,1,153,255,233,,,,,,,,〇,,,,,,,,〇,,〇,,,〇,,〇,,,,〇,,,,,,,icecream4.png
,icecream5.png,ピンク,1,255,153,237,,,,,,,〇,,,,,,,,,〇,,〇,,,〇,,〇,,,,〇,,,,,,,icecream5.png
,icecream6.png,紫,0,186,153,255,,,,,,,,〇,,,〇,,,,,〇,,〇,,,〇,,〇,,,,〇,,,,,,,icecream6.png
石,ishi.png,,1,148,140,134,93,88,83,,,,,,,,,,〇,,,,,,,,,〇,,,,〇,,〇,,,,,,ishi.png
消しゴム,kesigomu1.0.png,カバーが青白青,0,0,165,255,255,255,255,,,,,,,,,〇,,,,,,,,,,,〇,,,,,,,,,,,kesigomu1.0.png
,kesigomu1.2.png,カバーが黒白青,0,0,0,0,255,255,255,0,165,255,,,,,,〇,,,,,,,,,,,〇,,,,,,,,,,,kesigomu1.2.png
,kesigomu1.png,斜め向き,1,153,153,153,255,255,255,0,88,255,,,,,,〇,,,,,,,,,,,〇,,,,,,,,,,,kesigomu1.png
キノコ（斑点あり）,kinoko h1.png,赤に黄色斑点,0,255,0,64,255,255,0,,,,〇,,〇,,,,,,,〇,,,,,,,〇,,,,〇,,,,,,,kinoko h1.png
,kinoko h2.png,橙に黄色斑点,0,,,,255,255,0,,,,〇,,〇,,,,,,,〇,,,,,,,〇,,,,〇,,,,,,,kinoko h2.png
,kinoko h3.png,薄橙に黄色斑点,0,255,153,0,255,255,0,,,,〇,,〇,,,,,,,〇,,,,,,,〇,,,,〇,,,,,,,kinoko h3.png
,kinoko h4.png,黄色に黄色斑点,0,223,255,0,255,255,0,,,,,,〇,〇,,,,,,〇,,,,,,,〇,,,,〇,,,,,,,kinoko h4.png
,kinoko h5.png,薄い黄緑に黄色斑点,0,,,,255,255,0,,,,,,〇,〇,,,,,,〇,,,,,,,〇,,,,〇,,,,,,,kinoko h5.png
,kinoko h6.png,黄緑に黄色斑点,0,,,,255,255,0,,,,,,〇,〇,,,,,,〇,,,,,,,〇,,,,〇,,,,,,,kinoko h6.png
,kinoko h7.png,薄い青緑に黄色斑点,0,,,,255,255,0,,,,,〇,〇,,,,,,,〇,,,,,,,〇,,,,〇,,,,,,,kinoko h7.png
,kinoko h8.png,青より青緑と黄色斑点,0,0,223,255,255,255,0,,,,,〇,〇,,,,,,,〇,,,,,,,〇,,,,〇,,,,,,,kinoko h8.png
,kinoko h9.png,水色と黄色斑点,1,,,,255,255,0,,,,,〇,〇,,,,,,,〇,,,,,,,〇,,,,〇,,,,,,,kinoko h9.png
,kinoko h10.png,薄い青に黄色斑点,0,,,,255,255,0,,,,,〇,〇,,,,,,,〇,,,,,,,〇,,,,〇,,,,,,,kinoko h10.png
,kinoko h11.png,青に黄色斑点,0,0,40,255,255,255,0,,,,,〇,〇,,,,,,,〇,,,,,,,〇,,,,〇,,,,,,,kinoko h11.png
,kinoko h12.png,紫に黄色斑点,0,128,0,255,255,255,0,,,,,,〇,,〇,,,,,〇,,,,,,,〇,,,,〇,,,,,,,kinoko h12.png
,kinoko h13.png,薄い紫に黄色斑点,1,,,,255,255,0,,,,〇,,〇,,,,,,,〇,,,,,,,〇,,,,〇,,,,,,,kinoko h13.png
,kinoko h14.png,ピンクに着ろ斑点,0,,,,255,255,0,,,,〇,,〇,,,,,,,〇,,,,,,,〇,,,,〇,,,,,,,kinoko h14.png
,kinoko h15.png,黒に黄色斑点,0,51,51,51,255,255,0,,,,,,〇,,,,〇,,,〇,,,,,,,〇,,,,〇,,,,,,,kinoko h15.png
,kinoko h16.png,灰色に黄色斑点,0,179,179,179,255,255,0,,,,,,〇,,,,〇,〇,,〇,,,,,,,〇,,,,〇,,,,,,,kinoko h16.png
,kinoko h17.png,白に黄色斑点,0,,,,255,255,0,,,,,,〇,,,,,〇,,〇,,,,,,,〇,,,,〇,,,,,,,kinoko h17.png
,kinoko h18.png,薄いピンクに黄色斑点,0,255,153,237,255,255,0,,,,〇,,〇,,,,,,,〇,,,,,,,〇,,,,〇,,,,,,,kinoko h18.png
,kinoko h19.png,薄い水色に黄色斑点,0,,,,255,255,0,,,,,〇,〇,,,,,,,〇,,,,,,,〇,,,,〇,,,,,,,kinoko h19.png
,kinoko h20.png,緑に黄色斑点,0,33,228,63,255,255,0,,,,,,〇,〇,,,,,,〇,,,,,,,〇,,,,〇,,,,,,,kinoko h20.png
,kinoko h21.png,緑に赤斑点,0,33,228,63,255,0,0,,,,〇,,,〇,,,,,,〇,,,,,,,〇,,,,〇,,,,,,,kinoko h21.png
,kinoko h22.png,黄色に赤斑点,0,255,255,0,255,0,0,,,,〇,,〇,,,,,,,〇,,,,,,,〇,,,,〇,,,,,,,kinoko h22.png
,kinoko h23.png,水色と赤色斑点,0,,,,255,0,0,,,,〇,〇,,,,,,,,〇,,,,,,,〇,,,,〇,,,,,,,kinoko h23.png
,kinoko h24.png,青色と赤色斑点,0,,,,255,0,0,,,,〇,〇,,,,,,,,〇,,,,,,,〇,,,,〇,,,,,,,kinoko h24.png
,kinoko h25.png,薄い紫と赤色斑点,0,255,0,255,255,0,0,,,,〇,,,,〇,,,,,〇,,,,,,,〇,,,,〇,,,,,,,kinoko h25.png
,kinoko h26.png,薄い青みがかった紫と赤色斑点,0,,,,255,0,0,,,,〇,〇,,,,,,,,〇,,,,,,,〇,,,,〇,,,,,,,kinoko h26.png
,kinoko h27.png,紫と赤色斑点,0,,,,255,0,0,,,,〇,,,,〇,,,,,〇,,,,,,,〇,,,,〇,,,,,,,kinoko h27.png
,kinoko h28.png,グレーと赤色斑点,1,179,179,179,255,0,0,,,,〇,,,,,〇,〇,,,〇,,,,,,,〇,,,,〇,,,,,,,kinoko h28.png
,kinoko h29.png,白と赤色斑点,0,255,255,255,255,0,0,,,,〇,,,,,〇,,,,〇,,,,,,,〇,,,,〇,,,,,,,kinoko h29.png
,kinoko h30.png,オレンジと赤色斑点,0,255,165,0,255,0,0,,,,〇,,,,,,,,,〇,,,,,,,〇,,,,〇,,,,,,,kinoko h30.png
キノコ（斑点ナシ）,kinoko g1.png,緑に赤のグラデ,0,239,15,0,33,222,0,,,,〇,,,〇,,,,,,〇,,,,,,,〇,,,,〇,,,,,,,kinoko g1.png
,kinoko g2.png,黄色にオレンジのグラデ,1,255,87,0,255,242,0,,,,〇,,〇,,,,,,,〇,,,,,,,〇,,,,〇,,,,,,,kinoko g2.png
,kinoko g3.png,ライトブルーに赤のグラデ,0,236,17,17,7,248,248,,,,〇,〇,,,,,,,,〇,,,,,,,〇,,,,〇,,,,,,,kinoko g3.png
,kinoko g4.png,青に赤のグラデ,0,,,,,,,,,,〇,〇,,,,,,,,〇,,,,,,,〇,,,,〇,,,,,,,kinoko g4.png
,kinoko g5.png,薄い紫に赤のグラデ,0,,,,,,,,,,〇,,,,〇,,,,,〇,,,,,,,〇,,,,〇,,,,,,,kinoko g5.png
,kinoko g6.png,ピンクに赤のグラデ,0,,,,,,,,,,〇,,,,,,,,,〇,,,,,,,〇,,,,〇,,,,,,,kinoko g6.png
,kinoko g7.png,紫に赤のグラデ,0,253,0,8,191,0,255,,,,〇,,,,〇,,,,,〇,,,,,,,〇,,,,〇,,,,,,,kinoko g7.png
,kinoko g8.png,水色に赤のグラデ,0,,,,,,,,,,〇,〇,,,,,,,,〇,,,,,,,〇,,,,〇,,,,,,,kinoko g8.png
,kinoko g9.png,若葉色に赤のグラデ,1,,,,,,,,,,〇,,〇,〇,,,,,,〇,,,,,,,〇,,,,〇,,,,,,,kinoko g9.png
,kinoko g10.png,白に赤のグラデ,0,255,24,24,255,255,255,,,,〇,,,,,〇,,,,〇,,,,,,,〇,,,,〇,,,,,,,kinoko g10.png
,kinoko g11.png,白に黄色のグラデ,0,255,255,21,255,255,255,,,,,,〇,,,〇,,,,〇,,,,,,,〇,,,,〇,,,,,,,kinoko g11.png
,kinoko g12.png,赤に黄色のグラデ,0,,,,,,,,,,〇,,〇,,,,,,,〇,,,,,,,〇,,,,〇,,,,,,,kinoko g12.png
,kinoko g13.png,黄緑に黄色のグラデ,0,,,,,,,,,,,,〇,〇,,,,,,〇,,,,,,,〇,,,,〇,,,,,,,kinoko g13.png
,kinoko g14.png,ライトブルーに黄色のグラデ,0,255,255,0,0,255,255,,,,,〇,〇,,,,,,,〇,,,,,,,〇,,,,〇,,,,,,,kinoko g14.png
,kinoko g15.png,青に黄色のグラデ,0,,,,,,,,,,,〇,〇,,,,,,,〇,,,,,,,〇,,,,〇,,,,,,,kinoko g15.png
,kinoko g16.png,薄い紫に黄色のグラデ,0,255,255,0,255,0,255,,,,〇,,〇,,〇,,,,,〇,,,,,,,〇,,,,〇,,,,,,,kinoko g16.png
,kinoko g17.png,オレンジに黄色のグラデ,0,,,,,,,,,,〇,,〇,,,,,,,〇,,,,,,,〇,,,,〇,,,,,,,kinoko g17.png
,kinoko g18.png,紫に黄色のグラデ,0,255,255,0,164,0,255,,,,,,〇,,〇,,,,,〇,,,,,,,〇,,,,〇,,,,,,,kinoko g18.png
,kinoko g19.png,ピンクに黄色のグラデ,0,,,,,,,,,,〇,,〇,,,,,,,〇,,,,,,,〇,,,,〇,,,,,,,kinoko g19.png
,kinoko g20.png,水色に黄色のグラデ,0,255,255,0,0,165,255,,,,,〇,〇,,,,,,,〇,,,,,,,〇,,,,〇,,,,,,,kinoko g20.png
,kinoko g21.png,赤に黄緑のグラデ,0,0,255,0,255,0,63,,,,〇,,,〇,,,,,,〇,,,,,,,〇,,,,〇,,,,,,,kinoko g21.png
,kinoko g22.png,オレンジに黄緑のグラデ,0,,,,,,,,,,〇,,,〇,,,,,,〇,,,,,,,〇,,,,〇,,,,,,,kinoko g22.png
,kinoko g23.png,黄色に黄緑のグラデ,0,0,255,0,255,255,0,,,,,,〇,〇,,,,,,〇,,,,,,,〇,,,,〇,,,,,,,kinoko g23.png
,kinoko g24.png,ライトブルーに黄緑のグラデ,0,0,255,0,0,255,255,,,,,〇,,〇,,,,,,〇,,,,,,,〇,,,,〇,,,,,,,kinoko g24.png
,kinoko g25.png,水色に黄緑のグラデ,0,0,255,0,0,191,255,,,,,〇,,〇,,,,,,〇,,,,,,,〇,,,,〇,,,,,,,kinoko g25.png
,kinoko g26.png,青に黄緑のグラデ,0,,,,,,,,,,,〇,,〇,,,,,,〇,,,,,,,〇,,,,〇,,,,,,,kinoko g26.png
,kinoko g27.png,紫に黄緑のグラデ,0,0,255,0,128,0,255,,,,,,,〇,〇,,,,,〇,,,,,,,〇,,,,〇,,,,,,,kinoko g27.png
,kinoko g28.png,薄い紫に黄緑のグラデ,0,0,255,0,255,0,255,,,,〇,,,〇,〇,,,,,〇,,,,,,,〇,,,,〇,,,,,,,kinoko g28.png
,kinoko g29.png,薄いオレンジに黄緑のグラデ,0,0,255,0,255,191,0,,,,,,〇,〇,,,,,,〇,,,,,,,〇,,,,〇,,,,,,,kinoko g29.png
,kinoko g30.png,白色に黄緑のグラデ,0,0,255,0,255,255,255,,,,,,,〇,,〇,,,,〇,,,,,,,〇,,,,〇,,,,,,,kinoko g30.png
,kinoko g31.png,赤にライトブルーのグラデ,0,,,,,,,,,,〇,〇,,,,,,,,〇,,,,,,,〇,,,,〇,,,,,,,kinoko g31.png
,kinoko g32.png,黄色にライトブルーのグラデ,0,0,255,255,255,255,0,,,,,〇,〇,,,,,,,〇,,,,,,,〇,,,,〇,,,,,,,kinoko g32.png
,kinoko g33.png,若葉色にライトブルーのグラデ,0,0,255,255,0,255,0,,,,,〇,,〇,,,,,,〇,,,,,,,〇,,,,〇,,,,,,,kinoko g33.png
,kinoko g34.png,青にライトブルーのグラデ,0,,,,,,,,,,,〇,,,,,,,,〇,,,,,,,〇,,,,〇,,,,,,,kinoko g34.png
,kinoko g35.png,薄い紫にライトブルーのグラデ,1,,,,,,,,,,〇,〇,,,〇,,,,,〇,,,,,,,〇,,,,〇,,,,,,,kinoko g35.png
,kinoko g36.png,紫にライトブルーのグラデ,0,0,255,255,165,0,255,,,,,〇,,,〇,,,,,〇,,,,,,,〇,,,,〇,,,,,,,kinoko g36.png
,kinoko g37.png,濃い朱色にライトブルーのグラデ,0,,,,,,,,,,〇,〇,,,,,,,,〇,,,,,,,〇,,,,〇,,,,,,,kinoko g37.png
,kinoko g38.png,水色にライトブルーのグラデ,0,,,,,,,,,,,〇,,,,,,,,〇,,,,,,,〇,,,,〇,,,,,,,kinoko g38.png
,kinoko g39.png,薄いピンクにライトブルーのグラデ,0,0,255,255,255,153,237,,,,〇,〇,,,〇,〇,,,,〇,,,,,,,〇,,,,〇,,,,,,,kinoko g39.png
,kinoko g40.png,白色にライトブルーのグラデ,0,0,255,255,255,255,255,,,,,〇,,,,〇,,,,〇,,,,,,,〇,,,,〇,,,,,,,kinoko g40.png
,kinoko g41.png,赤に白色のグラデ,0,255,255,255,255,0,0,,,,〇,,,,,〇,,,,〇,,,,,,,〇,,,,〇,,,,,,,kinoko g41.png
,kinoko g42.png,黄色に白色のグラデ,0,255,255,255,255,255,0,,,,,,〇,,,〇,,,,〇,,,,,,,〇,,,,〇,,,,,,,kinoko g42.png
,kinoko g43.png,若葉色に白色のグラデ,0,,,,,,,,,,,,,〇,,〇,,,,〇,,,,,,,〇,,,,〇,,,,,,,kinoko g43.png
,kinoko g44.png,ライトブルーに白色のグラデ,0,,,,,,,,,,,〇,,,,〇,,,,〇,,,,,,,〇,,,,〇,,,,,,,kinoko g44.png
,kinoko g45.png,青に白色のグラデ,0,255,255,255,0,0,255,,,,,〇,,,,〇,,,,〇,,,,,,,〇,,,,〇,,,,,,,kinoko g45.png
,kinoko g46.png,薄い紫に白色のグラデ,0,255,255,255,255,0,255,,,,〇,,,,〇,〇,,,,〇,,,,,,,〇,,,,〇,,,,,,,kinoko g46.png
,kinoko g47.png,オレンジに白色のグラデ,0,255,255,255,255,87,0,,,,〇,,〇,,,〇,,,,〇,,,,,,,〇,,,,〇,,,,,,,kinoko g47.png
,kinoko g48.png,薄いピンクに白色のグラデ,0,255,255,255,,,,,,,〇,,,,,〇,,,,〇,,,,,,,〇,,,,〇,,,,,,,kinoko g48.png
,kinoko g49.png,若葉色に白色のグラデ,0,255,255,255,127,255,2,,,,,,,〇,,〇,,,,〇,,,,,,,〇,,,,〇,,,,,,,kinoko g49.png
,kinoko g50.png,水色に白色のグラデ,0,255,255,255,0,164,255,,,,,〇,,,,〇,,,,〇,,,,,,,〇,,,,〇,,,,,,,kinoko g50.png
,kinoko g51.png,紫に白色のグラデ,0,255,255,255,165,0,255,,,,,,,,〇,〇,,,,〇,,,,,,,〇,,,,〇,,,,,,,kinoko g51.png
,kinoko g52.png,黒に白色のグラデ,1,255,255,255,102,102,102,,,,,,,,,〇,〇,,,〇,,,,,,,〇,,,,〇,,,,,,,
木の実（丸形）,kinomi1.png,赤,0,255,0,64,,,,,,,〇,,,〇,,,,,,〇,〇,,,,,,,,,,〇,,,,,,,kinomi1.png
,kinomi2.png,濃いオレンジ,1,255,102,0,,,,,,,〇,,,〇,,,,,,〇,〇,,,,,,,,,,〇,,,,,,,kinomi2.png
,kinomi3.png,オレンジ,0,255,153,0,,,,,,,〇,,〇,〇,,,,,,〇,〇,,,,,,,,,,〇,,,,,,,kinomi3.png
,kinomi4.png,濃い黄,0,255,223,0,,,,,,,,,〇,〇,,,,,,〇,〇,,,,,,,,,,〇,,,,,,,kinomi4.png
,kinomi5.png,黄,0,255,255,0,,,,,,,,,,〇,,,,,,〇,〇,,,,,,,,,,〇,,,,,,,kinomi5.png
,kinomi6.png,若葉,1,191,255,0,,,,,,,,,〇,〇,,,,,,〇,〇,,,,,,,,,,〇,,,,,,,kinomi6.png
,kinomi7.png,緑,0,0,255,0,,,,,,,,,,〇,,,,,,〇,〇,,,,,,,,,,〇,,,,,,,kinomi7.png
,kinomi8.png,ライトブルー,0,0,255,191,,,,,,,,〇,,〇,,,,,,〇,〇,,,,,,,,,,〇,,,,,,,kinomi8.png
,kinomi9.png,水色,0,,,,,,,,,,,〇,,〇,,,,,,〇,〇,,,,,,,,,,〇,,,,,,,kinomi9.png
,kinomi10.png,濃い水色,0,,,,,,,,,,,〇,,〇,,,,,,〇,〇,,,,,,,,,,〇,,,,,,,kinomi10.png
,kinomi11.png,薄い青,0,,,,,,,,,,,〇,,〇,,,,,,〇,〇,,,,,,,,,,〇,,,,,,,kinomi11.png
,kinomi12.png,青,0,,,,,,,,,,,〇,,〇,,,,,,〇,〇,,,,,,,,,,〇,,,,,,,kinomi12.png
,kinomi13.png,濃い青,0,64,0,255,,,,,,,,〇,,〇,,,,,,〇,〇,,,,,,,,,,〇,,,,,,,kinomi13.png
,kinomi14.png,濃い紫,0,128,0,255,,,,,,,,〇,,〇,〇,,,,,〇,〇,,,,,,,,,,〇,,,,,,,kinomi14.png
,kinomi15.png,紫,0,191,0,255,,,,,,,,,,〇,〇,,,,,〇,〇,,,,,,,,,,〇,,,,,,,kinomi15.png
,kinomi16.png,紫がかったピンク,0,,,,,,,,,,〇,,,〇,〇,,,,,〇,〇,,,,,,,,,,〇,,,,,,,kinomi16.png
,kinomi17.png,濃いピンク,0,255,0,128,,,,,,,〇,,,〇,〇,,,,,〇,〇,,,,,,,,,,〇,,,,,,,kinomi17.png
,kinomi18.png,明るい水色,1,0,255,255,,,,,,,,〇,,〇,,,,,,〇,〇,,,,,,,,,,〇,,,,,,,kinomi18.png
,kinomi19.png,ピンク,0,255,153,237,,,,,,,,,,〇,〇,〇,,,,〇,〇,,,,,,,,,,〇,,,,,,,kinomi19.png
,kinomi20.png,薄い紫,1,219,153,255,,,,,,,,,,〇,〇,〇,,,,〇,〇,,,,,,,,,,〇,,,,,,,kinomi20.png
小麦粉,komugiko.png,,1,255,219,153,,,,,,,,,〇,,,〇,,,,〇,,,,,,,,,,,,,,,,,,komugiko.png
レモン,lemon.png,,1,255,255,0,,,,,,,,,〇,,,,,,,〇,〇,,,,,,,,〇,,〇,,,,,,,lemon.png
ペットボトル（水）,mizu1.png,青ラベルに青の水色の液体,1,153,219,255,,,,,,,,〇,,,,,,,,〇,,,,,〇,,,,,,,,,,,,,mizu1.png
,mizu2.png,赤ラベルにピンクの液体,0,255,153,237,,,,,,,〇,,,,,,,,,〇,,,,,〇,,,,,,,,,,,,,mizu2.png
,mizu3.png,黄色ラベルに黄色の液体,0,255,255,153,,,,,,,,,〇,,,,,,,〇,,,,,〇,,,,,,,,,,,,,mizu3.png
,mizu4.png,若葉色ラベルに薄い若葉色の液体,0,153,255,169,,,,,,,,,,〇,,,,,,〇,,,,,〇,,,,,,,,,,,,,mizu4.png
,mizu5.png,紫ラベルに薄い紫の液体,0,186,153,255,,,,,,,,,,,〇,,,,,〇,,,,,〇,,,,,,,,,,,,,mizu5.png
,mizu6.png,オレンジラベルにオレンジの液体,1,255,188,153,,,,,,,〇,,,,,,,,,〇,,,,,〇,,,,,,,,,,,,,mizu6.png
,mizu7.png,黒ラベルにグレーの液体,0,153,153,153,,,,,,,,,,,,,〇,,,〇,,,,,〇,,,,,,,,,,,,,mizu7.png
,mizu8.png,ライトブルーにライトブルーの液体,0,153,255,233,,,,,,,,〇,,,,,,,,〇,,,,,〇,,,,,,,,,,,,,mizu8.png
骨付き肉,niku.png,漫画肉,1,161,94,49,,,,,,,,,,,,,,,,〇,,,,〇,,,,,,,,,〇,,,,,niku.png
鉛筆,pencil1.png,本体が赤色,0,255,0,0,,,,,,,〇,,,,,,,,,,,,〇,,,〇,,,,〇,,〇,,,,,,pencil1.png
,pencil2.png,本体が青色,0,0,0,255,,,,,,,,〇,,,,,,,,,,,〇,,,〇,,,,〇,,〇,,,,,,pencil2.png
,pencil3.png,本体が黄色,0,255,255,0,,,,,,,,,〇,,,,,,,,,,〇,,,〇,,,,〇,,〇,,,,,,pencil3.png
,pencil4.png,本体が緑色,0,0,255,0,,,,,,,,,,〇,,,,,,,,,〇,,,〇,,,,〇,,〇,,,,,,pencil4.png
,pencil5.png,本体がライトブルー,0,0,255,255,,,,,,,,〇,,,,,,,,,,,〇,,,〇,,,,〇,,〇,,,,,,pencil5.png
,pencil6.png,本体が薄い紫,1,255,0,255,,,,,,,〇,,,,〇,,,,,,,,〇,,,〇,,,,〇,,〇,,,,,,pencil6.png
,pencil7.png,本体がオレンジ,0,255,88,0,,,,,,,〇,,〇,,,,,,,,,,〇,,,〇,,,,〇,,〇,,,,,,pencil7.png
,pencil8.png,本体が黒色,1,76,76,76,,,,,,,,,,,,,〇,,,,,,〇,,,〇,,,,〇,,〇,,,,,,pencil8.png
,pencil9.png,本体が白色,0,255,255,255,,,,,,,,,,,,〇,,,,,,,〇,,,〇,,,,〇,,〇,,,,,,pencil9.png
,pencil10.png,本体が紫色,0,165,0,255,,,,,,,,,,,〇,,,,,,,,〇,,,〇,,,,〇,,〇,,,,,,pencil10.png
ペンキ,pennki1.png,赤色ペンキ,0,255,0,0,,,,,,,〇,,,,,,,,,,,,,,,,,,〇,,,,,,,,,pennki1.png
,pennki2.png,青色ペンキ,0,0,0,255,,,,,,,,〇,,,,,,,,,,,,,,,,,〇,,,,,,,,,pennki2.png
,pennki3.png,黄緑色ペンキ,0,0,255,0,,,,,,,,,,〇,,,,,,,,,,,,,,,〇,,,,,,,,,pennki3.png
,pennki4.png,黄色ペンキ,0,255,255,0,,,,,,,,,〇,,,,,,,,,,,,,,,,〇,,,,,,,,,pennki4.png
,pennki5.png,濃いオレンジ色ペンキ,0,255,88,0,,,,,,,〇,,,,,,,,,,,,,,,,,,〇,,,,,,,,,pennki5.png
,pennki6.png,ライトブルーのペンキ,0,0,255,255,,,,,,,,〇,,,,,,,,,,,,,,,,,〇,,,,,,,,,pennki6.png
,pennki7.png,薄い紫色のペンキ,0,255,0,255,,,,,,,〇,,,,〇,,,,,,,,,,,,,,〇,,,,,,,,,pennki7.png
,pennki8.png,白色ペンキ,1,255,255,255,,,,,,,,,,,,〇,,,,,,,,,,,,,〇,,,,,,,,,pennki8.png
,pennki9.png,黒色ペンキ,1,12,12,12,,,,,,,,,,,,,〇,,,,,,,,,,,,〇,,,,,,,,,pennki9.png
,pennki10.png,若葉色ペンキ,0,126,255,0,,,,,,,,,〇,〇,,,,,,,,,,,,,,,〇,,,,,,,,,pennki10.png
,pennki11.png,紫色ペンキ,0,165,0,255,,,,,,,,,,,〇,,,,,,,,,,,,,,〇,,,,,,,,,pennki11.png
,pennki12.png,抹茶色ペンキ,1,0,153,67,,,,,,,,,,〇,,,,,,,,,,,,,,,〇,,,,,,,,,pennki12.png
,pennki13.png,水色ペンキ,0,0,160,232,,,,,,,,〇,,,,,,,,,,,,,,,,,〇,,,,,,,,,pennki13.png
,pennki14.png,ダークブルーのペンキ,1,28,31,136,,,,,,,,〇,,,,,,,,,,,,,,,,,〇,,,,,,,,,pennki14.png
,pennki15.png,濃いピンクのペンキ,0,228,0,126,,,,,,,〇,,,,,,,,,,,,,,,,,,〇,,,,,,,,,pennki15.png
,pennki16.png,オレンジのペンキ,0,255,153,0,,,,,,,〇,,〇,,,,,,,,,,,,,,,,〇,,,,,,,,,pennki16.png
サクランボ,sakuranbo1.png,ピンクの実が2つ,1,255,0,93,,,,,,,〇,,,,,,,,,〇,〇,,,,,,,,,,〇,,,,,,,sakuranbo1.png
,sakuranbo2.png,ライトブルーの実が2つ,0,0,255,255,,,,,,,,〇,,,,〇,,,,〇,〇,,,,,,,,,,〇,,,,,,,sakuranbo2.png
,sakuranbo3.png,薄い紫の実が2つ,0,255,0,255,,,,,,,〇,,,,〇,,,,,〇,〇,,,,,,,,,,〇,,,,,,,sakuranbo3.png
,sakuranbo4.png,紫の実が2つ,0,165,0,255,,,,,,,,,,,〇,,,,,〇,〇,,,,,,,,,,〇,,,,,,,sakuranbo4.png
,sakuranbo5.png,黄色の実が2つ,0,255,255,0,,,,,,,,,〇,,,,,,,〇,〇,,,,,,,,,,〇,,,,,,,sakuranbo5.png
,sakuranbo6.png,オレンジの実が2つ,1,255,88,0,,,,,,,〇,,〇,,,,,,,〇,〇,,,,,,,,,,〇,,,,,,,sakuranbo6.png
,sakuranbo7.png,青の実が2つ,0,0,0,255,,,,,,,,〇,,,,,,,,〇,〇,,,,,,,,,,〇,,,,,,,sakuranbo7.png
三角定規,sankaku.png,薄い青色がついた三角定規,1,153,219,255,,,,,,,,,,,,,,,,,,,〇,,,〇,,〇,,〇,,〇,,,,,,sankaku.png
トマト,tomato.png,赤色の一般的なトマト,1,255,0,0,,,,,,,〇,,,〇,,,,,,〇,,,,,,,,,,,,,,,,,,tomato.png
宝石,houseki1.png,赤色の宝石,1,255,0,0,,,,,,,〇,,,,,,,,,,,,,,,,,,,,,,,,,,,houseki1.png
,houseki2.png,青の宝石,1,0,0,255,,,,,,,,〇,,,,,,,,,,,,,,,,,,,,,,,,,,houseki2.png
,houseki3.png,黄緑の宝石,1,0,255,0,,,,,,,,,,〇,,,,,,,,,,,,,,,,,,,,,,,,houseki3.png
,houseki4.png,黄色の宝石,0,255,255,0,,,,,,,,,〇,,,,,,,,,,,,,,,,,,,,,,,,,houseki4.png
,houseki5.png,ライトブルーの宝石,1,0,255,255,,,,,,,,〇,,,,,,,,,,,,,,,,,,,,,,,,,,houseki5.png
,houseki6.png,紫の宝石,0,165,0,255,,,,,,,,,,,〇,,,,,,,,,,,,,,,,,,,,,,,houseki6.png
,houseki7.png,グレーの宝石,0,153,153,153,,,,,,,,,,,,〇,〇,,,,,,,,,,,,,,,,,,,,,houseki7.png
,houseki8.png,ピンクの宝石,0,255,0,255,,,,,,,〇,,,,〇,,,,,,,,,,,,,,,,,,,,,,,houseki8.png
スイカ,suika.png,切り分けられたスイカ,1,253,23,23,248,252,225,68,187,85,〇,,,〇,,,,,,〇,〇,,,,〇,,,,,,,,,,,,,suika.png
,,,0,,,,,,,,,,0,0,0,0,0,0,0,0,0,0,0,0,0,0,0,0,0,0,0,0,0,0,0,0,0,0,0,#REF!
,,,,,,,,,,,,,,,,,,,,,,,,,,,,,,,,,,,,,,,,0
,,,,,,,,,,,,,,,,,,,,,,,,,,,,,,,,,,,,,,,,0
,,,,,,,,,,,,,,,,,,,,,,,,,,,,,,,,,,,,,,,,0
,,,,,,,,,,,,,,,,,,,,,,,,,,,,,,,,,,,,,,,,0
,,,,,,,,,,,,,,,,,,,,,,,,,,,,,,,,,,,,,,,,0
,,,,,,,,,,,,,,,,,,,,,,,,,,,,,,,,,,,,,,,,0
,,,,,,,,,,,,,,,,,,,,,,,,,,,,,,,,,,,,,,,,0
,,,,,,,,,,,,,,,,,,,,,,,,,,,,,,,,,,,,,,,,0
,,,,,,,,,,,,,,,,,,,,,,,,,,,,,,,,,,,,,,,,0
,,,,,,,,,,,,,,,,,,,,,,,,,,,,,,,,,,,,,,,,0
,,,,,,,,,,,,,,,,,,,,,,,,,,,,,,,,,,,,,,,,0
,,,,,,,,,,,,,,,,,,,,,,,,,,,,,,,,,,,,,,,,0
,,,,,,,,,,,,,,,,,,,,,,,,,,,,,,,,,,,,,,,,0
,,,,,,,,,,,,,,,,,,,,,,,,,,,,,,,,,,,,,,,,0
,,,,,,,,,,,,,,,,,,,,,,,,,,,,,,,,,,,,,,,,0
,,,,,,,,,,,,,,,,,,,,,,,,,,,,,,,,,,,,,,,,0
,,,,,,,,,,,,,,,,,,,,,,,,,,,,,,,,,,,,,,,,0
,,,,,,,,,,,,,,,,,,,,,,,,,,,,,,,,,,,,,,,,0
,,,,,,,,,,,,,,,,,,,,,,,,,,,,,,,,,,,,,,,,0
,,,,,,,,,,,,,,,,,,,,,,,,,,,,,,,,,,,,,,,,0
,,,,,,,,,,,,,,,,,,,,,,,,,,,,,,,,,,,,,,,,0
,,,,,,,,,,,,,,,,,,,,,,,,,,,,,,,,,,,,,,,,0
,,,,,,,,,,,,,,,,,,,,,,,,,,,,,,,,,,,,,,,,0
,,,,,,,,,,,,,,,,,,,,,,,,,,,,,,,,,,,,,,,,0
,,,,,,,,,,,,,,,,,,,,,,,,,,,,,,,,,,,,,,,,0
,,,,,,,,,,,,,,,,,,,,,,,,,,,,,,,,,,,,,,,,0
,,,,,,,,,,,,,,,,,,,,,,,,,,,,,,,,,,,,,,,,0
,,,,,,,,,,,,,,,,,,,,,,,,,,,,,,,,,,,,,,,,0
,,,,,,,,,,,,,,,,,,,,,,,,,,,,,,,,,,,,,,,,0
,,,,,,,,,,,,,,,,,,,,,,,,,,,,,,,,,,,,,,,,0
,,,,,,,,,,,,,,,,,,,,,,,,,,,,,,,,,,,,,,,,0
,,,,,,,,,,,,,,,,,,,,,,,,,,,,,,,,,,,,,,,,0
,,,,,,,,,,,,,,,,,,,,,,,,,,,,,,,,,,,,,,,,0
,,,,,,,,,,,,,,,,,,,,,,,,,,,,,,,,,,,,,,,,0
,,,,,,,,,,,,,,,,,,,,,,,,,,,,,,,,,,,,,,,,0
,,,,,,,,,,,,,,,,,,,,,,,,,,,,,,,,,,,,,,,,0
,,,,,,,,,,,,,,,,,,,,,,,,,,,,,,,,,,,,,,,,0
,,,,,,,,,,,,,,,,,,,,,,,,,,,,,,,,,,,,,,,,0
,,,,,,,,,,,,,,,,,,,,,,,,,,,,,,,,,,,,,,,,0
,,,,,,,,,,,,,,,,,,,,,,,,,,,,,,,,,,,,,,,,0
,,,,,,,,,,,,,,,,,,,,,,,,,,,,,,,,,,,,,,,,0
,,,,,,,,,,,,,,,,,,,,,,,,,,,,,,,,,,,,,,,,0
,,,,,,,,,,,,,,,,,,,,,,,,,,,,,,,,,,,,,,,,
,,,,,,,,,,,,,,,,,,,,,,,,,,,,,,,,,,,,,,,,
,,,,,,,,,,,,,,,,,,,,,,,,,,,,,,,,,,,,,,,,
,,,,,,,,,,,,,,,,,,,,,,,,,,,,,,,,,,,,,,,,
,,,,,,,,,,,,,,,,,,,,,,,,,,,,,,,,,,,,,,,,
,,,,,,,,,,,,,,,,,,,,,,,,,,,,,,,,,,,,,,,,
,,,,,,,,,,,,,,,,,,,,,,,,,,,,,,,,,,,,,,,,
,,,,,,,,,,,,,,,,,,,,,,,,,,,,,,,,,,,,,,,,
,,,,,,,,,,,,,,,,,,,,,,,,,,,,,,,,,,,,,,,,
,,,,,,,,,,,,,,,,,,,,,,,,,,,,,,,,,,,,,,,,
,,,,,,,,,,,,,,,,,,,,,,,,,,,,,,,,,,,,,,,,
,,,,,,,,,,,,,,,,,,,,,,,,,,,,,,,,,,,,,,,,
,,,,,,,,,,,,,,,,,,,,,,,,,,,,,,,,,,,,,,,,
,,,,,,,,,,,,,,,,,,,,,,,,,,,,,,,,,,,,,,,,
,,,,,,,,,,,,,,,,,,,,,,,,,,,,,,,,,,,,,,,,
,,,,,,,,,,,,,,,,,,,,,,,,,,,,,,,,,,,,,,,,
,,,,,,,,,,,,,,,,,,,,,,,,,,,,,,,,,,,,,,,,
,,,,,,,,,,,,,,,,,,,,,,,,,,,,,,,,,,,,,,,,
,,,,,,,,,,,,,,,,,,,,,,,,,,,,,,,,,,,,,,,,
,,,,,,,,,,,,,,,,,,,,,,,,,,,,,,,,,,,,,,,,
,,,,,,,,,,,,,,,,,,,,,,,,,,,,,,,,,,,,,,,,
,,,,,,,,,,,,,,,,,,,,,,,,,,,,,,,,,,,,,,,,
,,,,,,,,,,,,,,,,,,,,,,,,,,,,,,,,,,,,,,,,
,,,,,,,,,,,,,,,,,,,,,,,,,,,,,,,,,,,,,,,,
,,,,,,,,,,,,,,,,,,,,,,,,,,,,,,,,,,,,,,,,
,,,,,,,,,,,,,,,,,,,,,,,,,,,,,,,,,,,,,,,,
,,,,,,,,,,,,,,,,,,,,,,,,,,,,,,,,,,,,,,,,
,,,,,,,,,,,,,,,,,,,,,,,,,,,,,,,,,,,,,,,,
,,,,,,,,,,,,,,,,,,,,,,,,,,,,,,,,,,,,,,,,
,,,,,,,,,,,,,,,,,,,,,,,,,,,,,,,,,,,,,,,,
,,,,,,,,,,,,,,,,,,,,,,,,,,,,,,,,,,,,,,,,
,,,,,,,,,,,,,,,,,,,,,,,,,,,,,,,,,,,,,,,,
,,,,,,,,,,,,,,,,,,,,,,,,,,,,,,,,,,,,,,,,
,,,,,,,,,,,,,,,,,,,,,,,,,,,,,,,,,,,,,,,,
,,,,,,,,,,,,,,,,,,,,,,,,,,,,,,,,,,,,,,,,
,,,,,,,,,,,,,,,,,,,,,,,,,,,,,,,,,,,,,,,,
,,,,,,,,,,,,,,,,,,,,,,,,,,,,,,,,,,,,,,,,
,,,,,,,,,,,,,,,,,,,,,,,,,,,,,,,,,,,,,,,,
,,,,,,,,,,,,,,,,,,,,,,,,,,,,,,,,,,,,,,,,
,,,,,,,,,,,,,,,,,,,,,,,,,,,,,,,,,,,,,,,,
,,,,,,,,,,,,,,,,,,,,,,,,,,,,,,,,,,,,,,,,
,,,,,,,,,,,,,,,,,,,,,,,,,,,,,,,,,,,,,,,,
,,,,,,,,,,,,,,,,,,,,,,,,,,,,,,,,,,,,,,,,
,,,,,,,,,,,,,,,,,,,,,,,,,,,,,,,,,,,,,,,,
,,,,,,,,,,,,,,,,,,,,,,,,,,,,,,,,,,,,,,,,
,,,,,,,,,,,,,,,,,,,,,,,,,,,,,,,,,,,,,,,,
,,,,,,,,,,,,,,,,,,,,,,,,,,,,,,,,,,,,,,,,
,,,,,,,,,,,,,,,,,,,,,,,,,,,,,,,,,,,,,,,,
,,,,,,,,,,,,,,,,,,,,,,,,,,,,,,,,,,,,,,,,
,,,,,,,,,,,,,,,,,,,,,,,,,,,,,,,,,,,,,,,,
,,,,,,,,,,,,,,,,,,,,,,,,,,,,,,,,,,,,,,,,
,,,,,,,,,,,,,,,,,,,,,,,,,,,,,,,,,,,,,,,,
,,,,,,,,,,,,,,,,,,,,,,,,,,,,,,,,,,,,,,,,
,,,,,,,,,,,,,,,,,,,,,,,,,,,,,,,,,,,,,,,,
,,,,,,,,,,,,,,,,,,,,,,,,,,,,,,,,,,,,,,,,
,,,,,,,,,,,,,,,,,,,,,,,,,,,,,,,,,,,,,,,,
,,,,,,,,,,,,,,,,,,,,,,,,,,,,,,,,,,,,,,,,
,,,,,,,,,,,,,,,,,,,,,,,,,,,,,,,,,,,,,,,,
,,,,,,,,,,,,,,,,,,,,,,,,,,,,,,,,,,,,,,,,
,,,,,,,,,,,,,,,,,,,,,,,,,,,,,,,,,,,,,,,,
,,,,,,,,,,,,,,,,,,,,,,,,,,,,,,,,,,,,,,,,
,,,,,,,,,,,,,,,,,,,,,,,,,,,,,,,,,,,,,,,,
,,,,,,,,,,,,,,,,,,,,,,,,,,,,,,,,,,,,,,,,
,,,,,,,,,,,,,,,,,,,,,,,,,,,,,,,,,,,,,,,,
,,,,,,,,,,,,,,,,,,,,,,,,,,,,,,,,,,,,,,,,
,,,,,,,,,,,,,,,,,,,,,,,,,,,,,,,,,,,,,,,,
,,,,,,,,,,,,,,,,,,,,,,,,,,,,,,,,,,,,,,,,
,,,,,,,,,,,,,,,,,,,,,,,,,,,,,,,,,,,,,,,,
,,,,,,,,,,,,,,,,,,,,,,,,,,,,,,,,,,,,,,,,
,,,,,,,,,,,,,,,,,,,,,,,,,,,,,,,,,,,,,,,,
,,,,,,,,,,,,,,,,,,,,,,,,,,,,,,,,,,,,,,,,
,,,,,,,,,,,,,,,,,,,,,,,,,,,,,,,,,,,,,,,,
,,,,,,,,,,,,,,,,,,,,,,,,,,,,,,,,,,,,,,,,
,,,,,,,,,,,,,,,,,,,,,,,,,,,,,,,,,,,,,,,,
,,,,,,,,,,,,,,,,,,,,,,,,,,,,,,,,,,,,,,,,
,,,,,,,,,,,,,,,,,,,,,,,,,,,,,,,,,,,,,,,,
,,,,,,,,,,,,,,,,,,,,,,,,,,,,,,,,,,,,,,,,
,,,,,,,,,,,,,,,,,,,,,,,,,,,,,,,,,,,,,,,,
,,,,,,,,,,,,,,,,,,,,,,,,,,,,,,,,,,,,,,,,
,,,,,,,,,,,,,,,,,,,,,,,,,,,,,,,,,,,,,,,,
,,,,,,,,,,,,,,,,,,,,,,,,,,,,,,,,,,,,,,,,
,,,,,,,,,,,,,,,,,,,,,,,,,,,,,,,,,,,,,,,,
,,,,,,,,,,,,,,,,,,,,,,,,,,,,,,,,,,,,,,,,
,,,,,,,,,,,,,,,,,,,,,,,,,,,,,,,,,,,,,,,,
,,,,,,,,,,,,,,,,,,,,,,,,,,,,,,,,,,,,,,,,
,,,,,,,,,,,,,,,,,,,,,,,,,,,,,,,,,,,,,,,,
,,,,,,,,,,,,,,,,,,,,,,,,,,,,,,,,,,,,,,,,
,,,,,,,,,,,,,,,,,,,,,,,,,,,,,,,,,,,,,,,,
,,,,,,,,,,,,,,,,,,,,,,,,,,,,,,,,,,,,,,,,
,,,,,,,,,,,,,,,,,,,,,,,,,,,,,,,,,,,,,,,,
,,,,,,,,,,,,,,,,,,,,,,,,,,,,,,,,,,,,,,,,
,,,,,,,,,,,,,,,,,,,,,,,,,,,,,,,,,,,,,,,,
,,,,,,,,,,,,,,,,,,,,,,,,,,,,,,,,,,,,,,,,
,,,,,,,,,,,,,,,,,,,,,,,,,,,,,,,,,,,,,,,,
,,,,,,,,,,,,,,,,,,,,,,,,,,,,,,,,,,,,,,,,
,,,,,,,,,,,,,,,,,,,,,,,,,,,,,,,,,,,,,,,,
,,,,,,,,,,,,,,,,,,,,,,,,,,,,,,,,,,,,,,,,
,,,,,,,,,,,,,,,,,,,,,,,,,,,,,,,,,,,,,,,,
,,,,,,,,,,,,,,,,,,,,,,,,,,,,,,,,,,,,,,,,
,,,,,,,,,,,,,,,,,,,,,,,,,,,,,,,,,,,,,,,,
,,,,,,,,,,,,,,,,,,,,,,,,,,,,,,,,,,,,,,,,
,,,,,,,,,,,,,,,,,,,,,,,,,,,,,,,,,,,,,,,,
,,,,,,,,,,,,,,,,,,,,,,,,,,,,,,,,,,,,,,,,
,,,,,,,,,,,,,,,,,,,,,,,,,,,,,,,,,,,,,,,,
,,,,,,,,,,,,,,,,,,,,,,,,,,,,,,,,,,,,,,,,
,,,,,,,,,,,,,,,,,,,,,,,,,,,,,,,,,,,,,,,,
,,,,,,,,,,,,,,,,,,,,,,,,,,,,,,,,,,,,,,,,
,,,,,,,,,,,,,,,,,,,,,,,,,,,,,,,,,,,,,,,,
,,,,,,,,,,,,,,,,,,,,,,,,,,,,,,,,,,,,,,,,
,,,,,,,,,,,,,,,,,,,,,,,,,,,,,,,,,,,,,,,,
,,,,,,,,,,,,,,,,,,,,,,,,,,,,,,,,,,,,,,,,
,,,,,,,,,,,,,,,,,,,,,,,,,,,,,,,,,,,,,,,,
,,,,,,,,,,,,,,,,,,,,,,,,,,,,,,,,,,,,,,,,
,,,,,,,,,,,,,,,,,,,,,,,,,,,,,,,,,,,,,,,,
,,,,,,,,,,,,,,,,,,,,,,,,,,,,,,,,,,,,,,,,
,,,,,,,,,,,,,,,,,,,,,,,,,,,,,,,,,,,,,,,,
,,,,,,,,,,,,,,,,,,,,,,,,,,,,,,,,,,,,,,,,
,,,,,,,,,,,,,,,,,,,,,,,,,,,,,,,,,,,,,,,,
,,,,,,,,,,,,,,,,,,,,,,,,,,,,,,,,,,,,,,,,
,,,,,,,,,,,,,,,,,,,,,,,,,,,,,,,,,,,,,,,,
,,,,,,,,,,,,,,,,,,,,,,,,,,,,,,,,,,,,,,,,
,,,,,,,,,,,,,,,,,,,,,,,,,,,,,,,,,,,,,,,,
,,,,,,,,,,,,,,,,,,,,,,,,,,,,,,,,,,,,,,,,
,,,,,,,,,,,,,,,,,,,,,,,,,,,,,,,,,,,,,,,,
,,,,,,,,,,,,,,,,,,,,,,,,,,,,,,,,,,,,,,,,
,,,,,,,,,,,,,,,,,,,,,,,,,,,,,,,,,,,,,,,,
,,,,,,,,,,,,,,,,,,,,,,,,,,,,,,,,,,,,,,,,
,,,,,,,,,,,,,,,,,,,,,,,,,,,,,,,,,,,,,,,,
,,,,,,,,,,,,,,,,,,,,,,,,,,,,,,,,,,,,,,,,
,,,,,,,,,,,,,,,,,,,,,,,,,,,,,,,,,,,,,,,,
,,,,,,,,,,,,,,,,,,,,,,,,,,,,,,,,,,,,,,,,
,,,,,,,,,,,,,,,,,,,,,,,,,,,,,,,,,,,,,,,,
,,,,,,,,,,,,,,,,,,,,,,,,,,,,,,,,,,,,,,,,
,,,,,,,,,,,,,,,,,,,,,,,,,,,,,,,,,,,,,,,,
,,,,,,,,,,,,,,,,,,,,,,,,,,,,,,,,,,,,,,,,
,,,,,,,,,,,,,,,,,,,,,,,,,,,,,,,,,,,,,,,,
,,,,,,,,,,,,,,,,,,,,,,,,,,,,,,,,,,,,,,,,
,,,,,,,,,,,,,,,,,,,,,,,,,,,,,,,,,,,,,,,,
,,,,,,,,,,,,,,,,,,,,,,,,,,,,,,,,,,,,,,,,
,,,,,,,,,,,,,,,,,,,,,,,,,,,,,,,,,,,,,,,,
,,,,,,,,,,,,,,,,,,,,,,,,,,,,,,,,,,,,,,,,
,,,,,,,,,,,,,,,,,,,,,,,,,,,,,,,,,,,,,,,,
,,,,,,,,,,,,,,,,,,,,,,,,,,,,,,,,,,,,,,,,
,,,,,,,,,,,,,,,,,,,,,,,,,,,,,,,,,,,,,,,,
,,,,,,,,,,,,,,,,,,,,,,,,,,,,,,,,,,,,,,,,
,,,,,,,,,,,,,,,,,,,,,,,,,,,,,,,,,,,,,,,,
,,,,,,,,,,,,,,,,,,,,,,,,,,,,,,,,,,,,,,,,
,,,,,,,,,,,,,,,,,,,,,,,,,,,,,,,,,,,,,,,,
,,,,,,,,,,,,,,,,,,,,,,,,,,,,,,,,,,,,,,,,
,,,,,,,,,,,,,,,,,,,,,,,,,,,,,,,,,,,,,,,,
,,,,,,,,,,,,,,,,,,,,,,,,,,,,,,,,,,,,,,,,
,,,,,,,,,,,,,,,,,,,,,,,,,,,,,,,,,,,,,,,,
,,,,,,,,,,,,,,,,,,,,,,,,,,,,,,,,,,,,,,,,
,,,,,,,,,,,,,,,,,,,,,,,,,,,,,,,,,,,,,,,,
,,,,,,,,,,,,,,,,,,,,,,,,,,,,,,,,,,,,,,,,
,,,,,,,,,,,,,,,,,,,,,,,,,,,,,,,,,,,,,,,,
,,,,,,,,,,,,,,,,,,,,,,,,,,,,,,,,,,,,,,,,
,,,,,,,,,,,,,,,,,,,,,,,,,,,,,,,,,,,,,,,,
,,,,,,,,,,,,,,,,,,,,,,,,,,,,,,,,,,,,,,,,
,,,,,,,,,,,,,,,,,,,,,,,,,,,,,,,,,,,,,,,,
,,,,,,,,,,,,,,,,,,,,,,,,,,,,,,,,,,,,,,,,
,,,,,,,,,,,,,,,,,,,,,,,,,,,,,,,,,,,,,,,,
,,,,,,,,,,,,,,,,,,,,,,,,,,,,,,,,,,,,,,,,
,,,,,,,,,,,,,,,,,,,,,,,,,,,,,,,,,,,,,,,,
,,,,,,,,,,,,,,,,,,,,,,,,,,,,,,,,,,,,,,,,
,,,,,,,,,,,,,,,,,,,,,,,,,,,,,,,,,,,,,,,,
,,,,,,,,,,,,,,,,,,,,,,,,,,,,,,,,,,,,,,,,
,,,,,,,,,,,,,,,,,,,,,,,,,,,,,,,,,,,,,,,,
,,,,,,,,,,,,,,,,,,,,,,,,,,,,,,,,,,,,,,,,
,,,,,,,,,,,,,,,,,,,,,,,,,,,,,,,,,,,,,,,,
,,,,,,,,,,,,,,,,,,,,,,,,,,,,,,,,,,,,,,,,
,,,,,,,,,,,,,,,,,,,,,,,,,,,,,,,,,,,,,,,,
,,,,,,,,,,,,,,,,,,,,,,,,,,,,,,,,,,,,,,,,
,,,,,,,,,,,,,,,,,,,,,,,,,,,,,,,,,,,,,,,,
,,,,,,,,,,,,,,,,,,,,,,,,,,,,,,,,,,,,,,,,
,,,,,,,,,,,,,,,,,,,,,,,,,,,,,,,,,,,,,,,,
,,,,,,,,,,,,,,,,,,,,,,,,,,,,,,,,,,,,,,,,
,,,,,,,,,,,,,,,,,,,,,,,,,,,,,,,,,,,,,,,,
,,,,,,,,,,,,,,,,,,,,,,,,,,,,,,,,,,,,,,,,
,,,,,,,,,,,,,,,,,,,,,,,,,,,,,,,,,,,,,,,,
,,,,,,,,,,,,,,,,,,,,,,,,,,,,,,,,,,,,,,,,
,,,,,,,,,,,,,,,,,,,,,,,,,,,,,,,,,,,,,,,,
,,,,,,,,,,,,,,,,,,,,,,,,,,,,,,,,,,,,,,,,
,,,,,,,,,,,,,,,,,,,,,,,,,,,,,,,,,,,,,,,,
,,,,,,,,,,,,,,,,,,,,,,,,,,,,,,,,,,,,,,,,
,,,,,,,,,,,,,,,,,,,,,,,,,,,,,,,,,,,,,,,,
,,,,,,,,,,,,,,,,,,,,,,,,,,,,,,,,,,,,,,,,
,,,,,,,,,,,,,,,,,,,,,,,,,,,,,,,,,,,,,,,,
,,,,,,,,,,,,,,,,,,,,,,,,,,,,,,,,,,,,,,,,
,,,,,,,,,,,,,,,,,,,,,,,,,,,,,,,,,,,,,,,,
,,,,,,,,,,,,,,,,,,,,,,,,,,,,,,,,,,,,,,,,
,,,,,,,,,,,,,,,,,,,,,,,,,,,,,,,,,,,,,,,,
,,,,,,,,,,,,,,,,,,,,,,,,,,,,,,,,,,,,,,,,
,,,,,,,,,,,,,,,,,,,,,,,,,,,,,,,,,,,,,,,,
,,,,,,,,,,,,,,,,,,,,,,,,,,,,,,,,,,,,,,,,
,,,,,,,,,,,,,,,,,,,,,,,,,,,,,,,,,,,,,,,,
,,,,,,,,,,,,,,,,,,,,,,,,,,,,,,,,,,,,,,,,
,,,,,,,,,,,,,,,,,,,,,,,,,,,,,,,,,,,,,,,,
,,,,,,,,,,,,,,,,,,,,,,,,,,,,,,,,,,,,,,,,
,,,,,,,,,,,,,,,,,,,,,,,,,,,,,,,,,,,,,,,,
,,,,,,,,,,,,,,,,,,,,,,,,,,,,,,,,,,,,,,,,
,,,,,,,,,,,,,,,,,,,,,,,,,,,,,,,,,,,,,,,,
,,,,,,,,,,,,,,,,,,,,,,,,,,,,,,,,,,,,,,,,
,,,,,,,,,,,,,,,,,,,,,,,,,,,,,,,,,,,,,,,,
,,,,,,,,,,,,,,,,,,,,,,,,,,,,,,,,,,,,,,,,
,,,,,,,,,,,,,,,,,,,,,,,,,,,,,,,,,,,,,,,,
,,,,,,,,,,,,,,,,,,,,,,,,,,,,,,,,,,,,,,,,
,,,,,,,,,,,,,,,,,,,,,,,,,,,,,,,,,,,,,,,,
,,,,,,,,,,,,,,,,,,,,,,,,,,,,,,,,,,,,,,,,
,,,,,,,,,,,,,,,,,,,,,,,,,,,,,,,,,,,,,,,,
,,,,,,,,,,,,,,,,,,,,,,,,,,,,,,,,,,,,,,,,
,,,,,,,,,,,,,,,,,,,,,,,,,,,,,,,,,,,,,,,,
,,,,,,,,,,,,,,,,,,,,,,,,,,,,,,,,,,,,,,,,
,,,,,,,,,,,,,,,,,,,,,,,,,,,,,,,,,,,,,,,,
,,,,,,,,,,,,,,,,,,,,,,,,,,,,,,,,,,,,,,,,
,,,,,,,,,,,,,,,,,,,,,,,,,,,,,,,,,,,,,,,,
,,,,,,,,,,,,,,,,,,,,,,,,,,,,,,,,,,,,,,,,
,,,,,,,,,,,,,,,,,,,,,,,,,,,,,,,,,,,,,,,,
,,,,,,,,,,,,,,,,,,,,,,,,,,,,,,,,,,,,,,,,
,,,,,,,,,,,,,,,,,,,,,,,,,,,,,,,,,,,,,,,,
,,,,,,,,,,,,,,,,,,,,,,,,,,,,,,,,,,,,,,,,
,,,,,,,,,,,,,,,,,,,,,,,,,,,,,,,,,,,,,,,,
,,,,,,,,,,,,,,,,,,,,,,,,,,,,,,,,,,,,,,,,
,,,,,,,,,,,,,,,,,,,,,,,,,,,,,,,,,,,,,,,,
,,,,,,,,,,,,,,,,,,,,,,,,,,,,,,,,,,,,,,,,
,,,,,,,,,,,,,,,,,,,,,,,,,,,,,,,,,,,,,,,,
,,,,,,,,,,,,,,,,,,,,,,,,,,,,,,,,,,,,,,,,
,,,,,,,,,,,,,,,,,,,,,,,,,,,,,,,,,,,,,,,,
,,,,,,,,,,,,,,,,,,,,,,,,,,,,,,,,,,,,,,,,
,,,,,,,,,,,,,,,,,,,,,,,,,,,,,,,,,,,,,,,,
,,,,,,,,,,,,,,,,,,,,,,,,,,,,,,,,,,,,,,,,
,,,,,,,,,,,,,,,,,,,,,,,,,,,,,,,,,,,,,,,,
,,,,,,,,,,,,,,,,,,,,,,,,,,,,,,,,,,,,,,,,
,,,,,,,,,,,,,,,,,,,,,,,,,,,,,,,,,,,,,,,,
,,,,,,,,,,,,,,,,,,,,,,,,,,,,,,,,,,,,,,,,
,,,,,,,,,,,,,,,,,,,,,,,,,,,,,,,,,,,,,,,,
,,,,,,,,,,,,,,,,,,,,,,,,,,,,,,,,,,,,,,,,
,,,,,,,,,,,,,,,,,,,,,,,,,,,,,,,,,,,,,,,,
,,,,,,,,,,,,,,,,,,,,,,,,,,,,,,,,,,,,,,,,
,,,,,,,,,,,,,,,,,,,,,,,,,,,,,,,,,,,,,,,,
,,,,,,,,,,,,,,,,,,,,,,,,,,,,,,,,,,,,,,,,
,,,,,,,,,,,,,,,,,,,,,,,,,,,,,,,,,,,,,,,,
,,,,,,,,,,,,,,,,,,,,,,,,,,,,,,,,,,,,,,,,
,,,,,,,,,,,,,,,,,,,,,,,,,,,,,,,,,,,,,,,,
,,,,,,,,,,,,,,,,,,,,,,,,,,,,,,,,,,,,,,,,
,,,,,,,,,,,,,,,,,,,,,,,,,,,,,,,,,,,,,,,,
,,,,,,,,,,,,,,,,,,,,,,,,,,,,,,,,,,,,,,,,
,,,,,,,,,,,,,,,,,,,,,,,,,,,,,,,,,,,,,,,,
,,,,,,,,,,,,,,,,,,,,,,,,,,,,,,,,,,,,,,,,
,,,,,,,,,,,,,,,,,,,,,,,,,,,,,,,,,,,,,,,,
,,,,,,,,,,,,,,,,,,,,,,,,,,,,,,,,,,,,,,,,
,,,,,,,,,,,,,,,,,,,,,,,,,,,,,,,,,,,,,,,,
,,,,,,,,,,,,,,,,,,,,,,,,,,,,,,,,,,,,,,,,
,,,,,,,,,,,,,,,,,,,,,,,,,,,,,,,,,,,,,,,,
,,,,,,,,,,,,,,,,,,,,,,,,,,,,,,,,,,,,,,,,
,,,,,,,,,,,,,,,,,,,,,,,,,,,,,,,,,,,,,,,,
,,,,,,,,,,,,,,,,,,,,,,,,,,,,,,,,,,,,,,,,
,,,,,,,,,,,,,,,,,,,,,,,,,,,,,,,,,,,,,,,,
,,,,,,,,,,,,,,,,,,,,,,,,,,,,,,,,,,,,,,,,
,,,,,,,,,,,,,,,,,,,,,,,,,,,,,,,,,,,,,,,,
,,,,,,,,,,,,,,,,,,,,,,,,,,,,,,,,,,,,,,,,
,,,,,,,,,,,,,,,,,,,,,,,,,,,,,,,,,,,,,,,,
,,,,,,,,,,,,,,,,,,,,,,,,,,,,,,,,,,,,,,,,
,,,,,,,,,,,,,,,,,,,,,,,,,,,,,,,,,,,,,,,,
,,,,,,,,,,,,,,,,,,,,,,,,,,,,,,,,,,,,,,,,
,,,,,,,,,,,,,,,,,,,,,,,,,,,,,,,,,,,,,,,,
,,,,,,,,,,,,,,,,,,,,,,,,,,,,,,,,,,,,,,,,
,,,,,,,,,,,,,,,,,,,,,,,,,,,,,,,,,,,,,,,,
,,,,,,,,,,,,,,,,,,,,,,,,,,,,,,,,,,,,,,,,
,,,,,,,,,,,,,,,,,,,,,,,,,,,,,,,,,,,,,,,,
,,,,,,,,,,,,,,,,,,,,,,,,,,,,,,,,,,,,,,,,
,,,,,,,,,,,,,,,,,,,,,,,,,,,,,,,,,,,,,,,,
,,,,,,,,,,,,,,,,,,,,,,,,,,,,,,,,,,,,,,,,
,,,,,,,,,,,,,,,,,,,,,,,,,,,,,,,,,,,,,,,,
,,,,,,,,,,,,,,,,,,,,,,,,,,,,,,,,,,,,,,,,
,,,,,,,,,,,,,,,,,,,,,,,,,,,,,,,,,,,,,,,,
,,,,,,,,,,,,,,,,,,,,,,,,,,,,,,,,,,,,,,,,
,,,,,,,,,,,,,,,,,,,,,,,,,,,,,,,,,,,,,,,,
,,,,,,,,,,,,,,,,,,,,,,,,,,,,,,,,,,,,,,,,
,,,,,,,,,,,,,,,,,,,,,,,,,,,,,,,,,,,,,,,,
,,,,,,,,,,,,,,,,,,,,,,,,,,,,,,,,,,,,,,,,
,,,,,,,,,,,,,,,,,,,,,,,,,,,,,,,,,,,,,,,,
,,,,,,,,,,,,,,,,,,,,,,,,,,,,,,,,,,,,,,,,
,,,,,,,,,,,,,,,,,,,,,,,,,,,,,,,,,,,,,,,,
,,,,,,,,,,,,,,,,,,,,,,,,,,,,,,,,,,,,,,,,
,,,,,,,,,,,,,,,,,,,,,,,,,,,,,,,,,,,,,,,,
,,,,,,,,,,,,,,,,,,,,,,,,,,,,,,,,,,,,,,,,
,,,,,,,,,,,,,,,,,,,,,,,,,,,,,,,,,,,,,,,,
,,,,,,,,,,,,,,,,,,,,,,,,,,,,,,,,,,,,,,,,
,,,,,,,,,,,,,,,,,,,,,,,,,,,,,,,,,,,,,,,,
,,,,,,,,,,,,,,,,,,,,,,,,,,,,,,,,,,,,,,,,
,,,,,,,,,,,,,,,,,,,,,,,,,,,,,,,,,,,,,,,,
,,,,,,,,,,,,,,,,,,,,,,,,,,,,,,,,,,,,,,,,
,,,,,,,,,,,,,,,,,,,,,,,,,,,,,,,,,,,,,,,,
,,,,,,,,,,,,,,,,,,,,,,,,,,,,,,,,,,,,,,,,
,,,,,,,,,,,,,,,,,,,,,,,,,,,,,,,,,,,,,,,,
,,,,,,,,,,,,,,,,,,,,,,,,,,,,,,,,,,,,,,,,
,,,,,,,,,,,,,,,,,,,,,,,,,,,,,,,,,,,,,,,,
,,,,,,,,,,,,,,,,,,,,,,,,,,,,,,,,,,,,,,,,
,,,,,,,,,,,,,,,,,,,,,,,,,,,,,,,,,,,,,,,,
,,,,,,,,,,,,,,,,,,,,,,,,,,,,,,,,,,,,,,,,
,,,,,,,,,,,,,,,,,,,,,,,,,,,,,,,,,,,,,,,,
,,,,,,,,,,,,,,,,,,,,,,,,,,,,,,,,,,,,,,,,
,,,,,,,,,,,,,,,,,,,,,,,,,,,,,,,,,,,,,,,,
,,,,,,,,,,,,,,,,,,,,,,,,,,,,,,,,,,,,,,,,
,,,,,,,,,,,,,,,,,,,,,,,,,,,,,,,,,,,,,,,,
,,,,,,,,,,,,,,,,,,,,,,,,,,,,,,,,,,,,,,,,
,,,,,,,,,,,,,,,,,,,,,,,,,,,,,,,,,,,,,,,,
,,,,,,,,,,,,,,,,,,,,,,,,,,,,,,,,,,,,,,,,
,,,,,,,,,,,,,,,,,,,,,,,,,,,,,,,,,,,,,,,,
,,,,,,,,,,,,,,,,,,,,,,,,,,,,,,,,,,,,,,,,
,,,,,,,,,,,,,,,,,,,,,,,,,,,,,,,,,,,,,,,,
,,,,,,,,,,,,,,,,,,,,,,,,,,,,,,,,,,,,,,,,
,,,,,,,,,,,,,,,,,,,,,,,,,,,,,,,,,,,,,,,,
,,,,,,,,,,,,,,,,,,,,,,,,,,,,,,,,,,,,,,,,
,,,,,,,,,,,,,,,,,,,,,,,,,,,,,,,,,,,,,,,,
,,,,,,,,,,,,,,,,,,,,,,,,,,,,,,,,,,,,,,,,
,,,,,,,,,,,,,,,,,,,,,,,,,,,,,,,,,,,,,,,,
,,,,,,,,,,,,,,,,,,,,,,,,,,,,,,,,,,,,,,,,
,,,,,,,,,,,,,,,,,,,,,,,,,,,,,,,,,,,,,,,,
,,,,,,,,,,,,,,,,,,,,,,,,,,,,,,,,,,,,,,,,
,,,,,,,,,,,,,,,,,,,,,,,,,,,,,,,,,,,,,,,,
,,,,,,,,,,,,,,,,,,,,,,,,,,,,,,,,,,,,,,,,
,,,,,,,,,,,,,,,,,,,,,,,,,,,,,,,,,,,,,,,,
,,,,,,,,,,,,,,,,,,,,,,,,,,,,,,,,,,,,,,,,
,,,,,,,,,,,,,,,,,,,,,,,,,,,,,,,,,,,,,,,,
,,,,,,,,,,,,,,,,,,,,,,,,,,,,,,,,,,,,,,,,
,,,,,,,,,,,,,,,,,,,,,,,,,,,,,,,,,,,,,,,,
,,,,,,,,,,,,,,,,,,,,,,,,,,,,,,,,,,,,,,,,
,,,,,,,,,,,,,,,,,,,,,,,,,,,,,,,,,,,,,,,,
,,,,,,,,,,,,,,,,,,,,,,,,,,,,,,,,,,,,,,,,
,,,,,,,,,,,,,,,,,,,,,,,,,,,,,,,,,,,,,,,,
,,,,,,,,,,,,,,,,,,,,,,,,,,,,,,,,,,,,,,,,
,,,,,,,,,,,,,,,,,,,,,,,,,,,,,,,,,,,,,,,,
,,,,,,,,,,,,,,,,,,,,,,,,,,,,,,,,,,,,,,,,
,,,,,,,,,,,,,,,,,,,,,,,,,,,,,,,,,,,,,,,,
,,,,,,,,,,,,,,,,,,,,,,,,,,,,,,,,,,,,,,,,
,,,,,,,,,,,,,,,,,,,,,,,,,,,,,,,,,,,,,,,,
,,,,,,,,,,,,,,,,,,,,,,,,,,,,,,,,,,,,,,,,
,,,,,,,,,,,,,,,,,,,,,,,,,,,,,,,,,,,,,,,,
,,,,,,,,,,,,,,,,,,,,,,,,,,,,,,,,,,,,,,,,
,,,,,,,,,,,,,,,,,,,,,,,,,,,,,,,,,,,,,,,,
,,,,,,,,,,,,,,,,,,,,,,,,,,,,,,,,,,,,,,,,
,,,,,,,,,,,,,,,,,,,,,,,,,,,,,,,,,,,,,,,,
,,,,,,,,,,,,,,,,,,,,,,,,,,,,,,,,,,,,,,,,
,,,,,,,,,,,,,,,,,,,,,,,,,,,,,,,,,,,,,,,,
,,,,,,,,,,,,,,,,,,,,,,,,,,,,,,,,,,,,,,,,
,,,,,,,,,,,,,,,,,,,,,,,,,,,,,,,,,,,,,,,,
,,,,,,,,,,,,,,,,,,,,,,,,,,,,,,,,,,,,,,,,
,,,,,,,,,,,,,,,,,,,,,,,,,,,,,,,,,,,,,,,,
,,,,,,,,,,,,,,,,,,,,,,,,,,,,,,,,,,,,,,,,
,,,,,,,,,,,,,,,,,,,,,,,,,,,,,,,,,,,,,,,,
,,,,,,,,,,,,,,,,,,,,,,,,,,,,,,,,,,,,,,,,
,,,,,,,,,,,,,,,,,,,,,,,,,,,,,,,,,,,,,,,,
,,,,,,,,,,,,,,,,,,,,,,,,,,,,,,,,,,,,,,,,
,,,,,,,,,,,,,,,,,,,,,,,,,,,,,,,,,,,,,,,,
,,,,,,,,,,,,,,,,,,,,,,,,,,,,,,,,,,,,,,,,
,,,,,,,,,,,,,,,,,,,,,,,,,,,,,,,,,,,,,,,,
,,,,,,,,,,,,,,,,,,,,,,,,,,,,,,,,,,,,,,,,
,,,,,,,,,,,,,,,,,,,,,,,,,,,,,,,,,,,,,,,,
,,,,,,,,,,,,,,,,,,,,,,,,,,,,,,,,,,,,,,,,
,,,,,,,,,,,,,,,,,,,,,,,,,,,,,,,,,,,,,,,,
,,,,,,,,,,,,,,,,,,,,,,,,,,,,,,,,,,,,,,,,
,,,,,,,,,,,,,,,,,,,,,,,,,,,,,,,,,,,,,,,,
,,,,,,,,,,,,,,,,,,,,,,,,,,,,,,,,,,,,,,,,
,,,,,,,,,,,,,,,,,,,,,,,,,,,,,,,,,,,,,,,,
,,,,,,,,,,,,,,,,,,,,,,,,,,,,,,,,,,,,,,,,
,,,,,,,,,,,,,,,,,,,,,,,,,,,,,,,,,,,,,,,,
,,,,,,,,,,,,,,,,,,,,,,,,,,,,,,,,,,,,,,,,
,,,,,,,,,,,,,,,,,,,,,,,,,,,,,,,,,,,,,,,,
,,,,,,,,,,,,,,,,,,,,,,,,,,,,,,,,,,,,,,,,
,,,,,,,,,,,,,,,,,,,,,,,,,,,,,,,,,,,,,,,,
,,,,,,,,,,,,,,,,,,,,,,,,,,,,,,,,,,,,,,,,
,,,,,,,,,,,,,,,,,,,,,,,,,,,,,,,,,,,,,,,,
,,,,,,,,,,,,,,,,,,,,,,,,,,,,,,,,,,,,,,,,
,,,,,,,,,,,,,,,,,,,,,,,,,,,,,,,,,,,,,,,,
,,,,,,,,,,,,,,,,,,,,,,,,,,,,,,,,,,,,,,,,
,,,,,,,,,,,,,,,,,,,,,,,,,,,,,,,,,,,,,,,,
,,,,,,,,,,,,,,,,,,,,,,,,,,,,,,,,,,,,,,,,
,,,,,,,,,,,,,,,,,,,,,,,,,,,,,,,,,,,,,,,,
,,,,,,,,,,,,,,,,,,,,,,,,,,,,,,,,,,,,,,,,
,,,,,,,,,,,,,,,,,,,,,,,,,,,,,,,,,,,,,,,,
,,,,,,,,,,,,,,,,,,,,,,,,,,,,,,,,,,,,,,,,
,,,,,,,,,,,,,,,,,,,,,,,,,,,,,,,,,,,,,,,,
,,,,,,,,,,,,,,,,,,,,,,,,,,,,,,,,,,,,,,,,
,,,,,,,,,,,,,,,,,,,,,,,,,,,,,,,,,,,,,,,,
,,,,,,,,,,,,,,,,,,,,,,,,,,,,,,,,,,,,,,,,
,,,,,,,,,,,,,,,,,,,,,,,,,,,,,,,,,,,,,,,,
,,,,,,,,,,,,,,,,,,,,,,,,,,,,,,,,,,,,,,,,
,,,,,,,,,,,,,,,,,,,,,,,,,,,,,,,,,,,,,,,,
,,,,,,,,,,,,,,,,,,,,,,,,,,,,,,,,,,,,,,,,
,,,,,,,,,,,,,,,,,,,,,,,,,,,,,,,,,,,,,,,,
,,,,,,,,,,,,,,,,,,,,,,,,,,,,,,,,,,,,,,,,
,,,,,,,,,,,,,,,,,,,,,,,,,,,,,,,,,,,,,,,,
,,,,,,,,,,,,,,,,,,,,,,,,,,,,,,,,,,,,,,,,
,,,,,,,,,,,,,,,,,,,,,,,,,,,,,,,,,,,,,,,,
,,,,,,,,,,,,,,,,,,,,,,,,,,,,,,,,,,,,,,,,
,,,,,,,,,,,,,,,,,,,,,,,,,,,,,,,,,,,,,,,,
,,,,,,,,,,,,,,,,,,,,,,,,,,,,,,,,,,,,,,,,
,,,,,,,,,,,,,,,,,,,,,,,,,,,,,,,,,,,,,,,,
,,,,,,,,,,,,,,,,,,,,,,,,,,,,,,,,,,,,,,,,
,,,,,,,,,,,,,,,,,,,,,,,,,,,,,,,,,,,,,,,,
,,,,,,,,,,,,,,,,,,,,,,,,,,,,,,,,,,,,,,,,
,,,,,,,,,,,,,,,,,,,,,,,,,,,,,,,,,,,,,,,,
,,,,,,,,,,,,,,,,,,,,,,,,,,,,,,,,,,,,,,,,
,,,,,,,,,,,,,,,,,,,,,,,,,,,,,,,,,,,,,,,,
,,,,,,,,,,,,,,,,,,,,,,,,,,,,,,,,,,,,,,,,
,,,,,,,,,,,,,,,,,,,,,,,,,,,,,,,,,,,,,,,,
,,,,,,,,,,,,,,,,,,,,,,,,,,,,,,,,,,,,,,,,
,,,,,,,,,,,,,,,,,,,,,,,,,,,,,,,,,,,,,,,,
,,,,,,,,,,,,,,,,,,,,,,,,,,,,,,,,,,,,,,,,
,,,,,,,,,,,,,,,,,,,,,,,,,,,,,,,,,,,,,,,,
,,,,,,,,,,,,,,,,,,,,,,,,,,,,,,,,,,,,,,,,
,,,,,,,,,,,,,,,,,,,,,,,,,,,,,,,,,,,,,,,,
,,,,,,,,,,,,,,,,,,,,,,,,,,,,,,,,,,,,,,,,
,,,,,,,,,,,,,,,,,,,,,,,,,,,,,,,,,,,,,,,,
,,,,,,,,,,,,,,,,,,,,,,,,,,,,,,,,,,,,,,,,
,,,,,,,,,,,,,,,,,,,,,,,,,,,,,,,,,,,,,,,,
,,,,,,,,,,,,,,,,,,,,,,,,,,,,,,,,,,,,,,,,
,,,,,,,,,,,,,,,,,,,,,,,,,,,,,,,,,,,,,,,,
,,,,,,,,,,,,,,,,,,,,,,,,,,,,,,,,,,,,,,,,
,,,,,,,,,,,,,,,,,,,,,,,,,,,,,,,,,,,,,,,,
,,,,,,,,,,,,,,,,,,,,,,,,,,,,,,,,,,,,,,,,
,,,,,,,,,,,,,,,,,,,,,,,,,,,,,,,,,,,,,,,,
,,,,,,,,,,,,,,,,,,,,,,,,,,,,,,,,,,,,,,,,
,,,,,,,,,,,,,,,,,,,,,,,,,,,,,,,,,,,,,,,,
,,,,,,,,,,,,,,,,,,,,,,,,,,,,,,,,,,,,,,,,
,,,,,,,,,,,,,,,,,,,,,,,,,,,,,,,,,,,,,,,,
,,,,,,,,,,,,,,,,,,,,,,,,,,,,,,,,,,,,,,,,
,,,,,,,,,,,,,,,,,,,,,,,,,,,,,,,,,,,,,,,,
,,,,,,,,,,,,,,,,,,,,,,,,,,,,,,,,,,,,,,,,
,,,,,,,,,,,,,,,,,,,,,,,,,,,,,,,,,,,,,,,,
,,,,,,,,,,,,,,,,,,,,,,,,,,,,,,,,,,,,,,,,
,,,,,,,,,,,,,,,,,,,,,,,,,,,,,,,,,,,,,,,,
,,,,,,,,,,,,,,,,,,,,,,,,,,,,,,,,,,,,,,,,
,,,,,,,,,,,,,,,,,,,,,,,,,,,,,,,,,,,,,,,,
,,,,,,,,,,,,,,,,,,,,,,,,,,,,,,,,,,,,,,,,
,,,,,,,,,,,,,,,,,,,,,,,,,,,,,,,,,,,,,,,,
,,,,,,,,,,,,,,,,,,,,,,,,,,,,,,,,,,,,,,,,
,,,,,,,,,,,,,,,,,,,,,,,,,,,,,,,,,,,,,,,,
,,,,,,,,,,,,,,,,,,,,,,,,,,,,,,,,,,,,,,,,
,,,,,,,,,,,,,,,,,,,,,,,,,,,,,,,,,,,,,,,,
,,,,,,,,,,,,,,,,,,,,,,,,,,,,,,,,,,,,,,,,
,,,,,,,,,,,,,,,,,,,,,,,,,,,,,,,,,,,,,,,,
,,,,,,,,,,,,,,,,,,,,,,,,,,,,,,,,,,,,,,,,
,,,,,,,,,,,,,,,,,,,,,,,,,,,,,,,,,,,,,,,,
,,,,,,,,,,,,,,,,,,,,,,,,,,,,,,,,,,,,,,,,
,,,,,,,,,,,,,,,,,,,,,,,,,,,,,,,,,,,,,,,,
,,,,,,,,,,,,,,,,,,,,,,,,,,,,,,,,,,,,,,,,
,,,,,,,,,,,,,,,,,,,,,,,,,,,,,,,,,,,,,,,,
,,,,,,,,,,,,,,,,,,,,,,,,,,,,,,,,,,,,,,,,
,,,,,,,,,,,,,,,,,,,,,,,,,,,,,,,,,,,,,,,,
,,,,,,,,,,,,,,,,,,,,,,,,,,,,,,,,,,,,,,,,
,,,,,,,,,,,,,,,,,,,,,,,,,,,,,,,,,,,,,,,,
,,,,,,,,,,,,,,,,,,,,,,,,,,,,,,,,,,,,,,,,
,,,,,,,,,,,,,,,,,,,,,,,,,,,,,,,,,,,,,,,,
,,,,,,,,,,,,,,,,,,,,,,,,,,,,,,,,,,,,,,,,
,,,,,,,,,,,,,,,,,,,,,,,,,,,,,,,,,,,,,,,,
,,,,,,,,,,,,,,,,,,,,,,,,,,,,,,,,,,,,,,,,
,,,,,,,,,,,,,,,,,,,,,,,,,,,,,,,,,,,,,,,,
,,,,,,,,,,,,,,,,,,,,,,,,,,,,,,,,,,,,,,,,
,,,,,,,,,,,,,,,,,,,,,,,,,,,,,,,,,,,,,,,,
,,,,,,,,,,,,,,,,,,,,,,,,,,,,,,,,,,,,,,,,
,,,,,,,,,,,,,,,,,,,,,,,,,,,,,,,,,,,,,,,,
,,,,,,,,,,,,,,,,,,,,,,,,,,,,,,,,,,,,,,,,
,,,,,,,,,,,,,,,,,,,,,,,,,,,,,,,,,,,,,,,,
,,,,,,,,,,,,,,,,,,,,,,,,,,,,,,,,,,,,,,,,
,,,,,,,,,,,,,,,,,,,,,,,,,,,,,,,,,,,,,,,,
,,,,,,,,,,,,,,,,,,,,,,,,,,,,,,,,,,,,,,,,
,,,,,,,,,,,,,,,,,,,,,,,,,,,,,,,,,,,,,,,,
,,,,,,,,,,,,,,,,,,,,,,,,,,,,,,,,,,,,,,,,
,,,,,,,,,,,,,,,,,,,,,,,,,,,,,,,,,,,,,,,,
,,,,,,,,,,,,,,,,,,,,,,,,,,,,,,,,,,,,,,,,
,,,,,,,,,,,,,,,,,,,,,,,,,,,,,,,,,,,,,,,,
,,,,,,,,,,,,,,,,,,,,,,,,,,,,,,,,,,,,,,,,
,,,,,,,,,,,,,,,,,,,,,,,,,,,,,,,,,,,,,,,,
,,,,,,,,,,,,,,,,,,,,,,,,,,,,,,,,,,,,,,,,
,,,,,,,,,,,,,,,,,,,,,,,,,,,,,,,,,,,,,,,,
,,,,,,,,,,,,,,,,,,,,,,,,,,,,,,,,,,,,,,,,
,,,,,,,,,,,,,,,,,,,,,,,,,,,,,,,,,,,,,,,,
,,,,,,,,,,,,,,,,,,,,,,,,,,,,,,,,,,,,,,,,
,,,,,,,,,,,,,,,,,,,,,,,,,,,,,,,,,,,,,,,,
,,,,,,,,,,,,,,,,,,,,,,,,,,,,,,,,,,,,,,,,
,,,,,,,,,,,,,,,,,,,,,,,,,,,,,,,,,,,,,,,,
,,,,,,,,,,,,,,,,,,,,,,,,,,,,,,,,,,,,,,,,
,,,,,,,,,,,,,,,,,,,,,,,,,,,,,,,,,,,,,,,,
,,,,,,,,,,,,,,,,,,,,,,,,,,,,,,,,,,,,,,,,
,,,,,,,,,,,,,,,,,,,,,,,,,,,,,,,,,,,,,,,,
,,,,,,,,,,,,,,,,,,,,,,,,,,,,,,,,,,,,,,,,
,,,,,,,,,,,,,,,,,,,,,,,,,,,,,,,,,,,,,,,,
,,,,,,,,,,,,,,,,,,,,,,,,,,,,,,,,,,,,,,,,
,,,,,,,,,,,,,,,,,,,,,,,,,,,,,,,,,,,,,,,,
,,,,,,,,,,,,,,,,,,,,,,,,,,,,,,,,,,,,,,,,
,,,,,,,,,,,,,,,,,,,,,,,,,,,,,,,,,,,,,,,,
,,,,,,,,,,,,,,,,,,,,,,,,,,,,,,,,,,,,,,,,
,,,,,,,,,,,,,,,,,,,,,,,,,,,,,,,,,,,,,,,,
,,,,,,,,,,,,,,,,,,,,,,,,,,,,,,,,,,,,,,,,
,,,,,,,,,,,,,,,,,,,,,,,,,,,,,,,,,,,,,,,,
,,,,,,,,,,,,,,,,,,,,,,,,,,,,,,,,,,,,,,,,
,,,,,,,,,,,,,,,,,,,,,,,,,,,,,,,,,,,,,,,,
,,,,,,,,,,,,,,,,,,,,,,,,,,,,,,,,,,,,,,,,
,,,,,,,,,,,,,,,,,,,,,,,,,,,,,,,,,,,,,,,,
,,,,,,,,,,,,,,,,,,,,,,,,,,,,,,,,,,,,,,,,
,,,,,,,,,,,,,,,,,,,,,,,,,,,,,,,,,,,,,,,,
,,,,,,,,,,,,,,,,,,,,,,,,,,,,,,,,,,,,,,,,
,,,,,,,,,,,,,,,,,,,,,,,,,,,,,,,,,,,,,,,,
,,,,,,,,,,,,,,,,,,,,,,,,,,,,,,,,,,,,,,,,
,,,,,,,,,,,,,,,,,,,,,,,,,,,,,,,,,,,,,,,,
,,,,,,,,,,,,,,,,,,,,,,,,,,,,,,,,,,,,,,,,
,,,,,,,,,,,,,,,,,,,,,,,,,,,,,,,,,,,,,,,,
,,,,,,,,,,,,,,,,,,,,,,,,,,,,,,,,,,,,,,,,
,,,,,,,,,,,,,,,,,,,,,,,,,,,,,,,,,,,,,,,,
,,,,,,,,,,,,,,,,,,,,,,,,,,,,,,,,,,,,,,,,
,,,,,,,,,,,,,,,,,,,,,,,,,,,,,,,,,,,,,,,,
,,,,,,,,,,,,,,,,,,,,,,,,,,,,,,,,,,,,,,,,
,,,,,,,,,,,,,,,,,,,,,,,,,,,,,,,,,,,,,,,,
,,,,,,,,,,,,,,,,,,,,,,,,,,,,,,,,,,,,,,,,
,,,,,,,,,,,,,,,,,,,,,,,,,,,,,,,,,,,,,,,,
,,,,,,,,,,,,,,,,,,,,,,,,,,,,,,,,,,,,,,,,
,,,,,,,,,,,,,,,,,,,,,,,,,,,,,,,,,,,,,,,,
,,,,,,,,,,,,,,,,,,,,,,,,,,,,,,,,,,,,,,,,
,,,,,,,,,,,,,,,,,,,,,,,,,,,,,,,,,,,,,,,,
,,,,,,,,,,,,,,,,,,,,,,,,,,,,,,,,,,,,,,,,
,,,,,,,,,,,,,,,,,,,,,,,,,,,,,,,,,,,,,,,,
,,,,,,,,,,,,,,,,,,,,,,,,,,,,,,,,,,,,,,,,
,,,,,,,,,,,,,,,,,,,,,,,,,,,,,,,,,,,,,,,,
,,,,,,,,,,,,,,,,,,,,,,,,,,,,,,,,,,,,,,,,
,,,,,,,,,,,,,,,,,,,,,,,,,,,,,,,,,,,,,,,,
,,,,,,,,,,,,,,,,,,,,,,,,,,,,,,,,,,,,,,,,
,,,,,,,,,,,,,,,,,,,,,,,,,,,,,,,,,,,,,,,,
,,,,,,,,,,,,,,,,,,,,,,,,,,,,,,,,,,,,,,,,
,,,,,,,,,,,,,,,,,,,,,,,,,,,,,,,,,,,,,,,,
,,,,,,,,,,,,,,,,,,,,,,,,,,,,,,,,,,,,,,,,
,,,,,,,,,,,,,,,,,,,,,,,,,,,,,,,,,,,,,,,,
,,,,,,,,,,,,,,,,,,,,,,,,,,,,,,,,,,,,,,,,
,,,,,,,,,,,,,,,,,,,,,,,,,,,,,,,,,,,,,,,,
,,,,,,,,,,,,,,,,,,,,,,,,,,,,,,,,,,,,,,,,
,,,,,,,,,,,,,,,,,,,,,,,,,,,,,,,,,,,,,,,,
,,,,,,,,,,,,,,,,,,,,,,,,,,,,,,,,,,,,,,,,
,,,,,,,,,,,,,,,,,,,,,,,,,,,,,,,,,,,,,,,,
,,,,,,,,,,,,,,,,,,,,,,,,,,,,,,,,,,,,,,,,
,,,,,,,,,,,,,,,,,,,,,,,,,,,,,,,,,,,,,,,,
,,,,,,,,,,,,,,,,,,,,,,,,,,,,,,,,,,,,,,,,
,,,,,,,,,,,,,,,,,,,,,,,,,,,,,,,,,,,,,,,,
,,,,,,,,,,,,,,,,,,,,,,,,,,,,,,,,,,,,,,,,
,,,,,,,,,,,,,,,,,,,,,,,,,,,,,,,,,,,,,,,,
,,,,,,,,,,,,,,,,,,,,,,,,,,,,,,,,,,,,,,,,
,,,,,,,,,,,,,,,,,,,,,,,,,,,,,,,,,,,,,,,,
,,,,,,,,,,,,,,,,,,,,,,,,,,,,,,,,,,,,,,,,
,,,,,,,,,,,,,,,,,,,,,,,,,,,,,,,,,,,,,,,,
,,,,,,,,,,,,,,,,,,,,,,,,,,,,,,,,,,,,,,,,
,,,,,,,,,,,,,,,,,,,,,,,,,,,,,,,,,,,,,,,,
,,,,,,,,,,,,,,,,,,,,,,,,,,,,,,,,,,,,,,,,
,,,,,,,,,,,,,,,,,,,,,,,,,,,,,,,,,,,,,,,,
,,,,,,,,,,,,,,,,,,,,,,,,,,,,,,,,,,,,,,,,
,,,,,,,,,,,,,,,,,,,,,,,,,,,,,,,,,,,,,,,,
,,,,,,,,,,,,,,,,,,,,,,,,,,,,,,,,,,,,,,,,
,,,,,,,,,,,,,,,,,,,,,,,,,,,,,,,,,,,,,,,,
,,,,,,,,,,,,,,,,,,,,,,,,,,,,,,,,,,,,,,,,
,,,,,,,,,,,,,,,,,,,,,,,,,,,,,,,,,,,,,,,,
,,,,,,,,,,,,,,,,,,,,,,,,,,,,,,,,,,,,,,,,
,,,,,,,,,,,,,,,,,,,,,,,,,,,,,,,,,,,,,,,,
,,,,,,,,,,,,,,,,,,,,,,,,,,,,,,,,,,,,,,,,
,,,,,,,,,,,,,,,,,,,,,,,,,,,,,,,,,,,,,,,,
,,,,,,,,,,,,,,,,,,,,,,,,,,,,,,,,,,,,,,,,
,,,,,,,,,,,,,,,,,,,,,,,,,,,,,,,,,,,,,,,,
,,,,,,,,,,,,,,,,,,,,,,,,,,,,,,,,,,,,,,,,
,,,,,,,,,,,,,,,,,,,,,,,,,,,,,,,,,,,,,,,,
,,,,,,,,,,,,,,,,,,,,,,,,,,,,,,,,,,,,,,,,
,,,,,,,,,,,,,,,,,,,,,,,,,,,,,,,,,,,,,,,,
,,,,,,,,,,,,,,,,,,,,,,,,,,,,,,,,,,,,,,,,
,,,,,,,,,,,,,,,,,,,,,,,,,,,,,,,,,,,,,,,,
,,,,,,,,,,,,,,,,,,,,,,,,,,,,,,,,,,,,,,,,
,,,,,,,,,,,,,,,,,,,,,,,,,,,,,,,,,,,,,,,,
,,,,,,,,,,,,,,,,,,,,,,,,,,,,,,,,,,,,,,,,
,,,,,,,,,,,,,,,,,,,,,,,,,,,,,,,,,,,,,,,,
,,,,,,,,,,,,,,,,,,,,,,,,,,,,,,,,,,,,,,,,
,,,,,,,,,,,,,,,,,,,,,,,,,,,,,,,,,,,,,,,,
,,,,,,,,,,,,,,,,,,,,,,,,,,,,,,,,,,,,,,,,
,,,,,,,,,,,,,,,,,,,,,,,,,,,,,,,,,,,,,,,,
,,,,,,,,,,,,,,,,,,,,,,,,,,,,,,,,,,,,,,,,
,,,,,,,,,,,,,,,,,,,,,,,,,,,,,,,,,,,,,,,,
,,,,,,,,,,,,,,,,,,,,,,,,,,,,,,,,,,,,,,,,
,,,,,,,,,,,,,,,,,,,,,,,,,,,,,,,,,,,,,,,,
,,,,,,,,,,,,,,,,,,,,,,,,,,,,,,,,,,,,,,,,
,,,,,,,,,,,,,,,,,,,,,,,,,,,,,,,,,,,,,,,,
,,,,,,,,,,,,,,,,,,,,,,,,,,,,,,,,,,,,,,,,
,,,,,,,,,,,,,,,,,,,,,,,,,,,,,,,,,,,,,,,,
,,,,,,,,,,,,,,,,,,,,,,,,,,,,,,,,,,,,,,,,
,,,,,,,,,,,,,,,,,,,,,,,,,,,,,,,,,,,,,,,,
,,,,,,,,,,,,,,,,,,,,,,,,,,,,,,,,,,,,,,,,
,,,,,,,,,,,,,,,,,,,,,,,,,,,,,,,,,,,,,,,,
,,,,,,,,,,,,,,,,,,,,,,,,,,,,,,,,,,,,,,,,
,,,,,,,,,,,,,,,,,,,,,,,,,,,,,,,,,,,,,,,,
,,,,,,,,,,,,,,,,,,,,,,,,,,,,,,,,,,,,,,,,
,,,,,,,,,,,,,,,,,,,,,,,,,,,,,,,,,,,,,,,,
,,,,,,,,,,,,,,,,,,,,,,,,,,,,,,,,,,,,,,,,
,,,,,,,,,,,,,,,,,,,,,,,,,,,,,,,,,,,,,,,,
,,,,,,,,,,,,,,,,,,,,,,,,,,,,,,,,,,,,,,,,
,,,,,,,,,,,,,,,,,,,,,,,,,,,,,,,,,,,,,,,,
,,,,,,,,,,,,,,,,,,,,,,,,,,,,,,,,,,,,,,,,
,,,,,,,,,,,,,,,,,,,,,,,,,,,,,,,,,,,,,,,,
,,,,,,,,,,,,,,,,,,,,,,,,,,,,,,,,,,,,,,,,
,,,,,,,,,,,,,,,,,,,,,,,,,,,,,,,,,,,,,,,,
,,,,,,,,,,,,,,,,,,,,,,,,,,,,,,,,,,,,,,,,
,,,,,,,,,,,,,,,,,,,,,,,,,,,,,,,,,,,,,,,,
,,,,,,,,,,,,,,,,,,,,,,,,,,,,,,,,,,,,,,,,
,,,,,,,,,,,,,,,,,,,,,,,,,,,,,,,,,,,,,,,,
,,,,,,,,,,,,,,,,,,,,,,,,,,,,,,,,,,,,,,,,
,,,,,,,,,,,,,,,,,,,,,,,,,,,,,,,,,,,,,,,,
,,,,,,,,,,,,,,,,,,,,,,,,,,,,,,,,,,,,,,,,
,,,,,,,,,,,,,,,,,,,,,,,,,,,,,,,,,,,,,,,,
,,,,,,,,,,,,,,,,,,,,,,,,,,,,,,,,,,,,,,,,
,,,,,,,,,,,,,,,,,,,,,,,,,,,,,,,,,,,,,,,,
,,,,,,,,,,,,,,,,,,,,,,,,,,,,,,,,,,,,,,,,
,,,,,,,,,,,,,,,,,,,,,,,,,,,,,,,,,,,,,,,,
,,,,,,,,,,,,,,,,,,,,,,,,,,,,,,,,,,,,,,,,
,,,,,,,,,,,,,,,,,,,,,,,,,,,,,,,,,,,,,,,,
,,,,,,,,,,,,,,,,,,,,,,,,,,,,,,,,,,,,,,,,
,,,,,,,,,,,,,,,,,,,,,,,,,,,,,,,,,,,,,,,,
,,,,,,,,,,,,,,,,,,,,,,,,,,,,,,,,,,,,,,,,
,,,,,,,,,,,,,,,,,,,,,,,,,,,,,,,,,,,,,,,,
,,,,,,,,,,,,,,,,,,,,,,,,,,,,,,,,,,,,,,,,
,,,,,,,,,,,,,,,,,,,,,,,,,,,,,,,,,,,,,,,,
,,,,,,,,,,,,,,,,,,,,,,,,,,,,,,,,,,,,,,,,
,,,,,,,,,,,,,,,,,,,,,,,,,,,,,,,,,,,,,,,,
,,,,,,,,,,,,,,,,,,,,,,,,,,,,,,,,,,,,,,,,
,,,,,,,,,,,,,,,,,,,,,,,,,,,,,,,,,,,,,,,,
,,,,,,,,,,,,,,,,,,,,,,,,,,,,,,,,,,,,,,,,
,,,,,,,,,,,,,,,,,,,,,,,,,,,,,,,,,,,,,,,,
,,,,,,,,,,,,,,,,,,,,,,,,,,,,,,,,,,,,,,,,
,,,,,,,,,,,,,,,,,,,,,,,,,,,,,,,,,,,,,,,,
,,,,,,,,,,,,,,,,,,,,,,,,,,,,,,,,,,,,,,,,
,,,,,,,,,,,,,,,,,,,,,,,,,,,,,,,,,,,,,,,,
,,,,,,,,,,,,,,,,,,,,,,,,,,,,,,,,,,,,,,,,
,,,,,,,,,,,,,,,,,,,,,,,,,,,,,,,,,,,,,,,,
,,,,,,,,,,,,,,,,,,,,,,,,,,,,,,,,,,,,,,,,
,,,,,,,,,,,,,,,,,,,,,,,,,,,,,,,,,,,,,,,,
,,,,,,,,,,,,,,,,,,,,,,,,,,,,,,,,,,,,,,,,
,,,,,,,,,,,,,,,,,,,,,,,,,,,,,,,,,,,,,,,,
,,,,,,,,,,,,,,,,,,,,,,,,,,,,,,,,,,,,,,,,
,,,,,,,,,,,,,,,,,,,,,,,,,,,,,,,,,,,,,,,,
,,,,,,,,,,,,,,,,,,,,,,,,,,,,,,,,,,,,,,,,
,,,,,,,,,,,,,,,,,,,,,,,,,,,,,,,,,,,,,,,,
,,,,,,,,,,,,,,,,,,,,,,,,,,,,,,,,,,,,,,,,
,,,,,,,,,,,,,,,,,,,,,,,,,,,,,,,,,,,,,,,,
,,,,,,,,,,,,,,,,,,,,,,,,,,,,,,,,,,,,,,,,
,,,,,,,,,,,,,,,,,,,,,,,,,,,,,,,,,,,,,,,,
,,,,,,,,,,,,,,,,,,,,,,,,,,,,,,,,,,,,,,,,
,,,,,,,,,,,,,,,,,,,,,,,,,,,,,,,,,,,,,,,,
,,,,,,,,,,,,,,,,,,,,,,,,,,,,,,,,,,,,,,,,
,,,,,,,,,,,,,,,,,,,,,,,,,,,,,,,,,,,,,,,,
,,,,,,,,,,,,,,,,,,,,,,,,,,,,,,,,,,,,,,,,
,,,,,,,,,,,,,,,,,,,,,,,,,,,,,,,,,,,,,,,,
,,,,,,,,,,,,,,,,,,,,,,,,,,,,,,,,,,,,,,,,
,,,,,,,,,,,,,,,,,,,,,,,,,,,,,,,,,,,,,,,,
,,,,,,,,,,,,,,,,,,,,,,,,,,,,,,,,,,,,,,,,
,,,,,,,,,,,,,,,,,,,,,,,,,,,,,,,,,,,,,,,,
,,,,,,,,,,,,,,,,,,,,,,,,,,,,,,,,,,,,,,,,
,,,,,,,,,,,,,,,,,,,,,,,,,,,,,,,,,,,,,,,,
,,,,,,,,,,,,,,,,,,,,,,,,,,,,,,,,,,,,,,,,
,,,,,,,,,,,,,,,,,,,,,,,,,,,,,,,,,,,,,,,,
,,,,,,,,,,,,,,,,,,,,,,,,,,,,,,,,,,,,,,,,
,,,,,,,,,,,,,,,,,,,,,,,,,,,,,,,,,,,,,,,,
,,,,,,,,,,,,,,,,,,,,,,,,,,,,,,,,,,,,,,,,
,,,,,,,,,,,,,,,,,,,,,,,,,,,,,,,,,,,,,,,,
,,,,,,,,,,,,,,,,,,,,,,,,,,,,,,,,,,,,,,,,
,,,,,,,,,,,,,,,,,,,,,,,,,,,,,,,,,,,,,,,,
,,,,,,,,,,,,,,,,,,,,,,,,,,,,,,,,,,,,,,,,
,,,,,,,,,,,,,,,,,,,,,,,,,,,,,,,,,,,,,,,,
,,,,,,,,,,,,,,,,,,,,,,,,,,,,,,,,,,,,,,,,
,,,,,,,,,,,,,,,,,,,,,,,,,,,,,,,,,,,,,,,,
,,,,,,,,,,,,,,,,,,,,,,,,,,,,,,,,,,,,,,,,
,,,,,,,,,,,,,,,,,,,,,,,,,,,,,,,,,,,,,,,,
,,,,,,,,,,,,,,,,,,,,,,,,,,,,,,,,,,,,,,,,
,,,,,,,,,,,,,,,,,,,,,,,,,,,,,,,,,,,,,,,,
,,,,,,,,,,,,,,,,,,,,,,,,,,,,,,,,,,,,,,,,
,,,,,,,,,,,,,,,,,,,,,,,,,,,,,,,,,,,,,,,,
,,,,,,,,,,,,,,,,,,,,,,,,,,,,,,,,,,,,,,,,
,,,,,,,,,,,,,,,,,,,,,,,,,,,,,,,,,,,,,,,,
,,,,,,,,,,,,,,,,,,,,,,,,,,,,,,,,,,,,,,,,
,,,,,,,,,,,,,,,,,,,,,,,,,,,,,,,,,,,,,,,,
,,,,,,,,,,,,,,,,,,,,,,,,,,,,,,,,,,,,,,,,
,,,,,,,,,,,,,,,,,,,,,,,,,,,,,,,,,,,,,,,,
,,,,,,,,,,,,,,,,,,,,,,,,,,,,,,,,,,,,,,,,
,,,,,,,,,,,,,,,,,,,,,,,,,,,,,,,,,,,,,,,,
,,,,,,,,,,,,,,,,,,,,,,,,,,,,,,,,,,,,,,,,
,,,,,,,,,,,,,,,,,,,,,,,,,,,,,,,,,,,,,,,,
,,,,,,,,,,,,,,,,,,,,,,,,,,,,,,,,,,,,,,,,
,,,,,,,,,,,,,,,,,,,,,,,,,,,,,,,,,,,,,,,,
,,,,,,,,,,,,,,,,,,,,,,,,,,,,,,,,,,,,,,,,
,,,,,,,,,,,,,,,,,,,,,,,,,,,,,,,,,,,,,,,,
,,,,,,,,,,,,,,,,,,,,,,,,,,,,,,,,,,,,,,,,
,,,,,,,,,,,,,,,,,,,,,,,,,,,,,,,,,,,,,,,,
,,,,,,,,,,,,,,,,,,,,,,,,,,,,,,,,,,,,,,,,
,,,,,,,,,,,,,,,,,,,,,,,,,,,,,,,,,,,,,,,,
,,,,,,,,,,,,,,,,,,,,,,,,,,,,,,,,,,,,,,,,
,,,,,,,,,,,,,,,,,,,,,,,,,,,,,,,,,,,,,,,,
,,,,,,,,,,,,,,,,,,,,,,,,,,,,,,,,,,,,,,,,
,,,,,,,,,,,,,,,,,,,,,,,,,,,,,,,,,,,,,,,,
,,,,,,,,,,,,,,,,,,,,,,,,,,,,,,,,,,,,,,,,
,,,,,,,,,,,,,,,,,,,,,,,,,,,,,,,,,,,,,,,,
,,,,,,,,,,,,,,,,,,,,,,,,,,,,,,,,,,,,,,,,
,,,,,,,,,,,,,,,,,,,,,,,,,,,,,,,,,,,,,,,,
,,,,,,,,,,,,,,,,,,,,,,,,,,,,,,,,,,,,,,,,
,,,,,,,,,,,,,,,,,,,,,,,,,,,,,,,,,,,,,,,,
,,,,,,,,,,,,,,,,,,,,,,,,,,,,,,,,,,,,,,,,
,,,,,,,,,,,,,,,,,,,,,,,,,,,,,,,,,,,,,,,,
,,,,,,,,,,,,,,,,,,,,,,,,,,,,,,,,,,,,,,,,
,,,,,,,,,,,,,,,,,,,,,,,,,,,,,,,,,,,,,,,,
,,,,,,,,,,,,,,,,,,,,,,,,,,,,,,,,,,,,,,,,
,,,,,,,,,,,,,,,,,,,,,,,,,,,,,,,,,,,,,,,,
,,,,,,,,,,,,,,,,,,,,,,,,,,,,,,,,,,,,,,,,
,,,,,,,,,,,,,,,,,,,,,,,,,,,,,,,,,,,,,,,,
,,,,,,,,,,,,,,,,,,,,,,,,,,,,,,,,,,,,,,,,
,,,,,,,,,,,,,,,,,,,,,,,,,,,,,,,,,,,,,,,,
,,,,,,,,,,,,,,,,,,,,,,,,,,,,,,,,,,,,,,,,
,,,,,,,,,,,,,,,,,,,,,,,,,,,,,,,,,,,,,,,,
,,,,,,,,,,,,,,,,,,,,,,,,,,,,,,,,,,,,,,,,
,,,,,,,,,,,,,,,,,,,,,,,,,,,,,,,,,,,,,,,,
,,,,,,,,,,,,,,,,,,,,,,,,,,,,,,,,,,,,,,,,
,,,,,,,,,,,,,,,,,,,,,,,,,,,,,,,,,,,,,,,,
,,,,,,,,,,,,,,,,,,,,,,,,,,,,,,,,,,,,,,,,
,,,,,,,,,,,,,,,,,,,,,,,,,,,,,,,,,,,,,,,,
,,,,,,,,,,,,,,,,,,,,,,,,,,,,,,,,,,,,,,,,
,,,,,,,,,,,,,,,,,,,,,,,,,,,,,,,,,,,,,,,,
,,,,,,,,,,,,,,,,,,,,,,,,,,,,,,,,,,,,,,,,
,,,,,,,,,,,,,,,,,,,,,,,,,,,,,,,,,,,,,,,,
,,,,,,,,,,,,,,,,,,,,,,,,,,,,,,,,,,,,,,,,
,,,,,,,,,,,,,,,,,,,,,,,,,,,,,,,,,,,,,,,,
,,,,,,,,,,,,,,,,,,,,,,,,,,,,,,,,,,,,,,,,
,,,,,,,,,,,,,,,,,,,,,,,,,,,,,,,,,,,,,,,,
,,,,,,,,,,,,,,,,,,,,,,,,,,,,,,,,,,,,,,,,
,,,,,,,,,,,,,,,,,,,,,,,,,,,,,,,,,,,,,,,,
,,,,,,,,,,,,,,,,,,,,,,,,,,,,,,,,,,,,,,,,
,,,,,,,,,,,,,,,,,,,,,,,,,,,,,,,,,,,,,,,,
,,,,,,,,,,,,,,,,,,,,,,,,,,,,,,,,,,,,,,,,
,,,,,,,,,,,,,,,,,,,,,,,,,,,,,,,,,,,,,,,,
,,,,,,,,,,,,,,,,,,,,,,,,,,,,,,,,,,,,,,,,
,,,,,,,,,,,,,,,,,,,,,,,,,,,,,,,,,,,,,,,,
,,,,,,,,,,,,,,,,,,,,,,,,,,,,,,,,,,,,,,,,
,,,,,,,,,,,,,,,,,,,,,,,,,,,,,,,,,,,,,,,,
,,,,,,,,,,,,,,,,,,,,,,,,,,,,,,,,,,,,,,,,
,,,,,,,,,,,,,,,,,,,,,,,,,,,,,,,,,,,,,,,,
,,,,,,,,,,,,,,,,,,,,,,,,,,,,,,,,,,,,,,,,
,,,,,,,,,,,,,,,,,,,,,,,,,,,,,,,,,,,,,,,,
,,,,,,,,,,,,,,,,,,,,,,,,,,,,,,,,,,,,,,,,
,,,,,,,,,,,,,,,,,,,,,,,,,,,,,,,,,,,,,,,,
,,,,,,,,,,,,,,,,,,,,,,,,,,,,,,,,,,,,,,,,
,,,,,,,,,,,,,,,,,,,,,,,,,,,,,,,,,,,,,,,,
,,,,,,,,,,,,,,,,,,,,,,,,,,,,,,,,,,,,,,,,
,,,,,,,,,,,,,,,,,,,,,,,,,,,,,,,,,,,,,,,,
,,,,,,,,,,,,,,,,,,,,,,,,,,,,,,,,,,,,,,,,
,,,,,,,,,,,,,,,,,,,,,,,,,,,,,,,,,,,,,,,,
,,,,,,,,,,,,,,,,,,,,,,,,,,,,,,,,,,,,,,,,
,,,,,,,,,,,,,,,,,,,,,,,,,,,,,,,,,,,,,,,,
,,,,,,,,,,,,,,,,,,,,,,,,,,,,,,,,,,,,,,,,
,,,,,,,,,,,,,,,,,,,,,,,,,,,,,,,,,,,,,,,,
,,,,,,,,,,,,,,,,,,,,,,,,,,,,,,,,,,,,,,,,
,,,,,,,,,,,,,,,,,,,,,,,,,,,,,,,,,,,,,,,,
,,,,,,,,,,,,,,,,,,,,,,,,,,,,,,,,,,,,,,,,
,,,,,,,,,,,,,,,,,,,,,,,,,,,,,,,,,,,,,,,,
,,,,,,,,,,,,,,,,,,,,,,,,,,,,,,,,,,,,,,,,
,,,,,,,,,,,,,,,,,,,,,,,,,,,,,,,,,,,,,,,,
,,,,,,,,,,,,,,,,,,,,,,,,,,,,,,,,,,,,,,,,
,,,,,,,,,,,,,,,,,,,,,,,,,,,,,,,,,,,,,,,,
,,,,,,,,,,,,,,,,,,,,,,,,,,,,,,,,,,,,,,,,
,,,,,,,,,,,,,,,,,,,,,,,,,,,,,,,,,,,,,,,,
,,,,,,,,,,,,,,,,,,,,,,,,,,,,,,,,,,,,,,,,
,,,,,,,,,,,,,,,,,,,,,,,,,,,,,,,,,,,,,,,,
,,,,,,,,,,,,,,,,,,,,,,,,,,,,,,,,,,,,,,,,
,,,,,,,,,,,,,,,,,,,,,,,,,,,,,,,,,,,,,,,,
,,,,,,,,,,,,,,,,,,,,,,,,,,,,,,,,,,,,,,,,
,,,,,,,,,,,,,,,,,,,,,,,,,,,,,,,,,,,,,,,,
,,,,,,,,,,,,,,,,,,,,,,,,,,,,,,,,,,,,,,,,
,,,,,,,,,,,,,,,,,,,,,,,,,,,,,,,,,,,,,,,,
,,,,,,,,,,,,,,,,,,,,,,,,,,,,,,,,,,,,,,,,
,,,,,,,,,,,,,,,,,,,,,,,,,,,,,,,,,,,,,,,,
,,,,,,,,,,,,,,,,,,,,,,,,,,,,,,,,,,,,,,,,
,,,,,,,,,,,,,,,,,,,,,,,,,,,,,,,,,,,,,,,,
,,,,,,,,,,,,,,,,,,,,,,,,,,,,,,,,,,,,,,,,
,,,,,,,,,,,,,,,,,,,,,,,,,,,,,,,,,,,,,,,,
,,,,,,,,,,,,,,,,,,,,,,,,,,,,,,,,,,,,,,,,
,,,,,,,,,,,,,,,,,,,,,,,,,,,,,,,,,,,,,,,,
,,,,,,,,,,,,,,,,,,,,,,,,,,,,,,,,,,,,,,,,
,,,,,,,,,,,,,,,,,,,,,,,,,,,,,,,,,,,,,,,,
,,,,,,,,,,,,,,,,,,,,,,,,,,,,,,,,,,,,,,,,
,,,,,,,,,,,,,,,,,,,,,,,,,,,,,,,,,,,,,,,,
,,,,,,,,,,,,,,,,,,,,,,,,,,,,,,,,,,,,,,,,
,,,,,,,,,,,,,,,,,,,,,,,,,,,,,,,,,,,,,,,,
,,,,,,,,,,,,,,,,,,,,,,,,,,,,,,,,,,,,,,,,
,,,,,,,,,,,,,,,,,,,,,,,,,,,,,,,,,,,,,,,,
,,,,,,,,,,,,,,,,,,,,,,,,,,,,,,,,,,,,,,,,
,,,,,,,,,,,,,,,,,,,,,,,,,,,,,,,,,,,,,,,,
,,,,,,,,,,,,,,,,,,,,,,,,,,,,,,,,,,,,,,,,
,,,,,,,,,,,,,,,,,,,,,,,,,,,,,,,,,,,,,,,,
,,,,,,,,,,,,,,,,,,,,,,,,,,,,,,,,,,,,,,,,
,,,,,,,,,,,,,,,,,,,,,,,,,,,,,,,,,,,,,,,,
,,,,,,,,,,,,,,,,,,,,,,,,,,,,,,,,,,,,,,,,
,,,,,,,,,,,,,,,,,,,,,,,,,,,,,,,,,,,,,,,,
,,,,,,,,,,,,,,,,,,,,,,,,,,,,,,,,,,,,,,,,
,,,,,,,,,,,,,,,,,,,,,,,,,,,,,,,,,,,,,,,,
,,,,,,,,,,,,,,,,,,,,,,,,,,,,,,,,,,,,,,,,
,,,,,,,,,,,,,,,,,,,,,,,,,,,,,,,,,,,,,,,,
,,,,,,,,,,,,,,,,,,,,,,,,,,,,,,,,,,,,,,,,
,,,,,,,,,,,,,,,,,,,,,,,,,,,,,,,,,,,,,,,,
,,,,,,,,,,,,,,,,,,,,,,,,,,,,,,,,,,,,,,,,
,,,,,,,,,,,,,,,,,,,,,,,,,,,,,,,,,,,,,,,,
,,,,,,,,,,,,,,,,,,,,,,,,,,,,,,,,,,,,,,,,
,,,,,,,,,,,,,,,,,,,,,,,,,,,,,,,,,,,,,,,,
,,,,,,,,,,,,,,,,,,,,,,,,,,,,,,,,,,,,,,,,
,,,,,,,,,,,,,,,,,,,,,,,,,,,,,,,,,,,,,,,,
,,,,,,,,,,,,,,,,,,,,,,,,,,,,,,,,,,,,,,,,
,,,,,,,,,,,,,,,,,,,,,,,,,,,,,,,,,,,,,,,,
,,,,,,,,,,,,,,,,,,,,,,,,,,,,,,,,,,,,,,,,
,,,,,,,,,,,,,,,,,,,,,,,,,,,,,,,,,,,,,,,,
,,,,,,,,,,,,,,,,,,,,,,,,,,,,,,,,,,,,,,,,
,,,,,,,,,,,,,,,,,,,,,,,,,,,,,,,,,,,,,,,,
,,,,,,,,,,,,,,,,,,,,,,,,,,,,,,,,,,,,,,,,
,,,,,,,,,,,,,,,,,,,,,,,,,,,,,,,,,,,,,,,,
,,,,,,,,,,,,,,,,,,,,,,,,,,,,,,,,,,,,,,,,
,,,,,,,,,,,,,,,,,,,,,,,,,,,,,,,,,,,,,,,,
,,,,,,,,,,,,,,,,,,,,,,,,,,,,,,,,,,,,,,,,
,,,,,,,,,,,,,,,,,,,,,,,,,,,,,,,,,,,,,,,,
,,,,,,,,,,,,,,,,,,,,,,,,,,,,,,,,,,,,,,,,
,,,,,,,,,,,,,,,,,,,,,,,,,,,,,,,,,,,,,,,,
,,,,,,,,,,,,,,,,,,,,,,,,,,,,,,,,,,,,,,,,
,,,,,,,,,,,,,,,,,,,,,,,,,,,,,,,,,,,,,,,,
,,,,,,,,,,,,,,,,,,,,,,,,,,,,,,,,,,,,,,,,
,,,,,,,,,,,,,,,,,,,,,,,,,,,,,,,,,,,,,,,,
,,,,,,,,,,,,,,,,,,,,,,,,,,,,,,,,,,,,,,,,
,,,,,,,,,,,,,,,,,,,,,,,,,,,,,,,,,,,,,,,,
,,,,,,,,,,,,,,,,,,,,,,,,,,,,,,,,,,,,,,,,
,,,,,,,,,,,,,,,,,,,,,,,,,,,,,,,,,,,,,,,,
,,,,,,,,,,,,,,,,,,,,,,,,,,,,,,,,,,,,,,,,
,,,,,,,,,,,,,,,,,,,,,,,,,,,,,,,,,,,,,,,,
,,,,,,,,,,,,,,,,,,,,,,,,,,,,,,,,,,,,,,,,
,,,,,,,,,,,,,,,,,,,,,,,,,,,,,,,,,,,,,,,,
,,,,,,,,,,,,,,,,,,,,,,,,,,,,,,,,,,,,,,,,
,,,,,,,,,,,,,,,,,,,,,,,,,,,,,,,,,,,,,,,,
,,,,,,,,,,,,,,,,,,,,,,,,,,,,,,,,,,,,,,,,
,,,,,,,,,,,,,,,,,,,,,,,,,,,,,,,,,,,,,,,,
,,,,,,,,,,,,,,,,,,,,,,,,,,,,,,,,,,,,,,,,
,,,,,,,,,,,,,,,,,,,,,,,,,,,,,,,,,,,,,,,,
,,,,,,,,,,,,,,,,,,,,,,,,,,,,,,,,,,,,,,,,
,,,,,,,,,,,,,,,,,,,,,,,,,,,,,,,,,,,,,,,,
,,,,,,,,,,,,,,,,,,,,,,,,,,,,,,,,,,,,,,,,
,,,,,,,,,,,,,,,,,,,,,,,,,,,,,,,,,,,,,,,,
,,,,,,,,,,,,,,,,,,,,,,,,,,,,,,,,,,,,,,,,
,,,,,,,,,,,,,,,,,,,,,,,,,,,,,,,,,,,,,,,,
,,,,,,,,,,,,,,,,,,,,,,,,,,,,,,,,,,,,,,,,
,,,,,,,,,,,,,,,,,,,,,,,,,,,,,,,,,,,,,,,,
,,,,,,,,,,,,,,,,,,,,,,,,,,,,,,,,,,,,,,,,
,,,,,,,,,,,,,,,,,,,,,,,,,,,,,,,,,,,,,,,,
,,,,,,,,,,,,,,,,,,,,,,,,,,,,,,,,,,,,,,,,
,,,,,,,,,,,,,,,,,,,,,,,,,,,,,,,,,,,,,,,,
,,,,,,,,,,,,,,,,,,,,,,,,,,,,,,,,,,,,,,,,
,,,,,,,,,,,,,,,,,,,,,,,,,,,,,,,,,,,,,,,,
,,,,,,,,,,,,,,,,,,,,,,,,,,,,,,,,,,,,,,,,
,,,,,,,,,,,,,,,,,,,,,,,,,,,,,,,,,,,,,,,,
,,,,,,,,,,,,,,,,,,,,,,,,,,,,,,,,,,,,,,,,
,,,,,,,,,,,,,,,,,,,,,,,,,,,,,,,,,,,,,,,,
,,,,,,,,,,,,,,,,,,,,,,,,,,,,,,,,,,,,,,,,
,,,,,,,,,,,,,,,,,,,,,,,,,,,,,,,,,,,,,,,,
,,,,,,,,,,,,,,,,,,,,,,,,,,,,,,,,,,,,,,,,
,,,,,,,,,,,,,,,,,,,,,,,,,,,,,,,,,,,,,,,,
,,,,,,,,,,,,,,,,,,,,,,,,,,,,,,,,,,,,,,,,
,,,,,,,,,,,,,,,,,,,,,,,,,,,,,,,,,,,,,,,,
,,,,,,,,,,,,,,,,,,,,,,,,,,,,,,,,,,,,,,,,
,,,,,,,,,,,,,,,,,,,,,,,,,,,,,,,,,,,,,,,,
